Date,Close,High,Low,Open,Volume
2021-08-27,144.94015502929688,145.08645474475415,143.21374397198983,143.84772924961433,55802400
2021-08-30,149.34884643554688,149.70974393152048,144.94992729692555,145.33032150285524,90956700
2021-08-31,148.09063720703125,149.03674862857602,147.5639283316424,148.90019723180595,86453100
2021-09-01,148.75384521484375,151.1630130890743,148.58803390921838,149.06597111930256,80313700
2021-09-02,149.8657989501953,150.90945341746877,148.64658478729757,150.08038183350413,71115500
2021-09-03,150.49977111816406,150.82164538297303,149.3195654805312,149.97306236375573,57808700
2021-09-07,152.8309326171875,153.38688652354213,150.58757563240493,151.15329277694906,82278300
2021-09-08,151.28982543945312,153.1722846868866,150.1876512353804,153.11376479693286,74420200
2021-09-09,150.2754364013672,152.26518694823613,150.15838174591684,151.66046161317462,57305700
2021-09-10,145.30108642578125,151.65074922176754,145.03773196644917,151.18257509194504,140893200
2021-09-13,145.8667449951172,147.69068411470718,145.0864451705449,146.9201475258426,102404300
2021-09-14,144.47198486328125,147.34934195867896,143.29179398463287,146.6470734676716,109296300
2021-09-15,145.35955810546875,145.75946384011283,142.76506733146184,144.9011324843855,83281300
2021-09-16,145.12545776367188,145.301032298818,143.59413289330473,144.78408681235823,68034100
2021-09-17,142.4627227783203,145.15475696069768,142.17010842593353,145.15475696069768,129868800
2021-09-20,139.41954040527344,141.272739448902,137.79067253613061,140.25836010441694,123478900
2021-09-21,139.8974609375,141.03865814980705,139.2634757155347,140.38514645685206,75834000
2021-09-22,142.2578887939453,142.82359096635926,140.16083188261564,140.89236024826914,76404300
2021-09-23,143.2137908935547,143.4576337545293,142.0530964940377,143.03821629449968,64838200
2021-09-24,143.30154418945312,143.83800136075783,141.97503867631073,142.07258175581498,53477900
2021-09-27,141.78970336914062,142.36518367517027,140.2778899497781,141.8872464401241,74150700
2021-09-28,138.41494750976562,141.1849984849811,138.20036462885602,139.72194150586213,108972300
2021-09-29,139.31224060058594,140.89233684538155,138.53194083023718,138.961106448078,74602000
2021-09-30,138.01504516601562,140.8241193990878,137.8004622797123,140.12185084081975,89056700
2021-10-01,139.1366729736328,139.40002732180153,135.68386603878685,138.40514469326044,94639600
2021-10-04,135.71315002441406,138.70754679310303,134.8645818313905,138.26861784072736,98322000
2021-10-05,137.63461303710938,138.73678711480215,135.9277136552574,136.0545166576062,80861100
2021-10-06,138.50270080566406,138.64900052233625,134.96209883237336,136.035013031244,83221100
2021-10-07,139.7609100341797,140.66801284222436,139.2049562794912,139.53657886179528,61732700
2021-10-08,139.38055419921875,140.62902828496263,139.048931525846,140.48272854170557,58773200
2021-10-11,139.29273986816406,141.24348200456123,138.31736879996546,138.76604603984862,64452200
2021-10-12,138.02479553222656,139.7219470532615,137.56636980326286,139.7024354588627,73035900
2021-10-13,137.4395294189453,137.91745167770748,135.7716384818284,137.7614036307742,78762700
2021-10-14,140.2193603515625,140.33641501765865,138.02477512030043,138.61000380183043,69907100
2021-10-15,141.27276611328125,141.33128600610704,139.97552058470157,140.2291266309253,67940300
2021-10-18,142.94065856933594,143.2235096811566,139.63415065247935,139.9170017643,85589200
2021-10-19,145.09620666503906,145.49611240776287,142.94064476173952,143.38930715549284,76378900
2021-10-20,145.58389282226562,146.0618300447265,144.47197030405582,145.03768735830047,58418800
2021-10-21,145.7984619140625,145.9545248556128,144.22811391179323,145.1449650896746,61421000
2021-10-22,145.02793884277344,146.481232332848,144.97916730862042,146.0033099939033,58883400
2021-10-25,144.97914123535156,145.69115788039105,143.98425867288518,145.0181495258691,50720600
2021-10-26,145.6424102783203,147.12496353769075,145.34003275537546,145.6521586308098,60893400
2021-10-27,145.18402099609375,146.0423376021523,144.83288673993832,145.68145499107032,56094900
2021-10-28,148.81240844726562,149.39762230558532,146.03259425054543,146.13013733509126,100077900
2021-10-29,146.11061096191406,146.24716233667445,142.8041031388741,143.59415144162946,124953200
2021-11-01,145.2913055419922,146.01307072992742,144.1598713388164,145.3205654883688,74588300
2021-11-02,146.3251953125,147.8370236875447,144.98892661408803,144.99868985144568,69122000
2021-11-03,147.75897216796875,148.22714612515688,146.1301042293714,146.68605801297326,54511500
2021-11-04,147.24208068847656,148.67586302809536,146.92995468054104,147.84680622511763,60394600
2021-11-05,147.7694854736328,148.66813471450217,146.57779487265975,148.36533077411934,65463900
2021-11-08,146.94900512695312,148.0527879681065,146.67550378830177,147.89649723038997,55020900
2021-11-09,147.31039428710938,147.91600218212633,146.57779832196186,146.71454897260128,56787900
2021-11-10,144.4874725341797,146.64619541359409,144.41910465453822,146.53874739869644,65187100
2021-11-11,144.4386444091797,145.96244193460964,144.25305100972494,145.50336208425588,41000000
2021-11-12,146.5094757080078,146.90995029842682,144.05771091491658,144.98566310982142,63804000
2021-11-15,146.5192108154297,148.35558969382197,145.96243066007273,146.88062009926887,59222800
2021-11-16,147.49595642089844,147.97459104914827,145.87447411755394,146.46055672746397,59256200
2021-11-17,149.92823791503906,151.40319268452978,147.48625093625634,147.4960135184774,88807000
2021-11-18,154.20652770996094,154.98796621369542,149.4983864355678,150.14307431900122,137827700
2021-11-19,156.8243865966797,157.28348128204507,152.89766786630707,153.9916731226482,117305600
2021-11-22,157.283447265625,161.85483815926344,157.2639072032153,157.9281202781403,117467900
2021-11-23,157.6644287109375,158.04537802988585,155.36895531169498,157.3811499145866,96041900
2021-11-24,158.18214416503906,158.37750013405517,155.9355132595911,157.01975602804134,69463600
2021-11-26,153.171142578125,156.72667394842426,152.73158803573577,155.86710492688786,76959800
2021-11-29,156.52159118652344,157.44954318891868,155.10522691977297,155.67176964553224,88748200
2021-11-30,161.4641876220703,161.67908367603815,156.20902669183067,156.2774094838687,174048100
2021-12-01,160.94647216796875,166.34814584365344,160.71203606659066,163.5935775451036,152052500
2021-12-02,159.95989990234375,160.38969196905754,154.13821164787007,155.05640108044867,136739200
2021-12-03,158.08445739746094,161.13206712633752,156.0136573148525,160.2138776845153,118023100
2021-12-06,161.48374938964844,163.98434209395026,160.4678742880832,160.47763687195487,107497000
2021-12-07,167.2076873779297,167.59841414884357,164.43359437560147,165.15642772326544,120405400
2021-12-08,171.01722717285156,171.8768113251432,166.73886138447926,168.13568563195315,116998900
2021-12-09,170.50921630859375,172.6483982816729,169.88406853193717,170.85110028687257,108923700
2021-12-10,175.28579711914062,175.46162790674452,170.63625994665398,171.14419733842757,115402700
2021-12-13,171.66188049316406,177.90359710458122,171.4567470785072,176.9170250648393,153237000
2021-12-14,170.28460693359375,173.6154801461527,168.21380712036787,171.1832561903654,139380400
2021-12-15,175.13929748535156,175.33465344975855,168.31149697974806,171.04652519555987,131063300
2021-12-16,168.2626190185547,176.93655914468357,166.78766465581225,175.11972073731067,150185800
2021-12-17,167.1686248779297,169.444558052229,165.75227570894924,165.98669687061619,195432700
2021-12-20,165.81089782714844,166.62163920449956,163.5740445559153,164.375008447403,107499100
2021-12-21,168.9757080078125,169.1808265329912,165.1955026634982,167.57888393978646,91185900
2021-12-22,171.56419372558594,171.7790897184107,168.15517538914062,169.02452194022183,92135300
2021-12-23,172.1893768310547,172.7461569911751,171.2028195021509,171.76936224404878,68356600
2021-12-27,176.1453399658203,176.23324788670124,172.96099551474387,172.98052067180626,74919600
2021-12-28,175.12953186035156,177.1222015844957,174.38717318344425,175.97935346537145,79144300
2021-12-29,175.21742248535156,176.43841575185178,174.0061917992903,175.16857977375096,62348900
2021-12-30,174.06478881835938,176.3798020768136,173.95734081982604,175.30532209148024,59773000
2021-12-31,173.44943237304688,175.0709001571645,173.14661351296067,173.9573548573712,64062300
2022-01-03,177.786376953125,178.63619837680892,173.5861721636794,173.70338274431063,104487900
2022-01-04,175.53001403808594,178.69483440178558,174.9634712930882,178.3920304132724,99310400
2022-01-05,170.8609161376953,175.9890879826122,170.587414831676,175.4420853705736,94537600
2022-01-06,168.00869750976562,171.23212317548703,167.65705080251047,168.69245085589924,96904000
2022-01-07,168.17471313476562,170.09899955917385,167.06116796216358,168.8780063916408,86709100
2022-01-10,168.19427490234375,168.4970788622131,164.2675561955421,165.1564429133354,106765600
2022-01-11,171.01722717285156,171.1148977053451,166.85608689005863,168.3212790198075,76138300
2022-01-12,171.45677185058594,173.06847713761263,170.76325596284155,172.0330771442787,74805200
2022-01-13,168.19427490234375,172.52146809219963,167.80354809549323,171.70096415486904,84505800
2022-01-14,169.05386352539062,169.74737940608347,167.11979931497876,167.36399798657283,80440800
2022-01-18,165.85975646972656,168.5361646254104,165.4788071020713,167.53006719532837,90956700
2022-01-19,162.37257385253906,167.1100339648471,162.08930995625335,166.05509393247632,94815000
2022-01-20,160.69247436523438,165.74250066133902,160.3701303584997,163.10515822088573,91420500
2022-01-21,158.6412353515625,162.4702688967568,158.53378733529433,160.60458738914824,122848900
2022-01-24,157.86956787109375,158.53379607319022,151.11014976934194,156.30670516297684,162294600
2022-01-25,156.07225036621094,158.98309429431202,153.37630245676536,155.29081165334586,115798400
2022-01-26,155.98434448242188,160.57527648713483,154.15774320444362,159.70592982008216,108275300
2022-01-27,155.52525329589844,160.0380400395087,154.6070638933257,158.68029600296296,121954600
2022-01-28,166.3773956298828,166.39693569163202,159.0221348271603,161.86461017131842,179935700
2022-01-31,170.7241668701172,170.93906288440527,165.576454917367,166.21138037947398,115541600
2022-02-01,170.55813598632812,170.7827946109015,168.3115050264779,169.9720531603827,86213900
2022-02-02,171.75955200195312,171.79863213102016,169.30780301992357,170.69484950775998,84914300
2022-02-03,168.88780212402344,172.15030783567607,168.125903430298,170.4311395793071,89418100
2022-02-04,168.6041717529297,170.27662529840396,166.93171820745542,167.90975737649003,82465400
2022-02-07,167.89022827148438,170.12993168140494,167.19581380846196,169.06387243592252,77251200
2022-02-08,170.99057006835938,171.49915455646115,167.6652283214683,167.9586430232075,74829200
2022-02-09,172.4087677001953,172.7706374679008,171.05906868207904,172.18382283840776,71285000
2022-02-10,168.34007263183594,171.62628436106874,167.78259814649985,170.31571564595043,90865900
2022-02-11,164.9365234375,169.27901969811438,164.34969397169522,168.545490327705,98670700
2022-02-14,165.17124938964844,165.85587378073802,162.90219149496014,163.69440078491326,86185500
2022-02-15,168.99539184570312,169.15188170406051,166.51117876998032,167.21536820889426,62527400
2022-02-16,168.76068115234375,169.53332561896576,166.3155829464961,168.07605663944543,61177400
2022-02-17,165.17124938964844,168.13470669398032,164.77024977354867,167.274027503072,69589300
2022-02-18,163.62596130371094,166.79479876362558,162.54033719370844,166.0906242687398,82772700
2022-02-22,160.71139526367188,163.02934320107533,158.58903724171788,161.35688974047144,91162800
2022-02-23,156.55474853515625,162.50121399005073,156.24176881453315,161.90460945584556,90009200
2022-02-24,159.16607666015625,159.27366155009665,148.66193213542687,149.2291965620497,141147500
2022-02-25,161.22975158691406,161.4938113988268,157.3371452242796,160.24192254485857,91974200
2022-02-28,161.49380493164062,161.78721963459702,158.86287747049465,159.47904685433394,95056600
2022-03-01,159.61598205566406,162.94132403155473,158.41299811175085,161.08304074169718,83474400
2022-03-02,162.90220642089844,163.68464076398826,159.37148431939156,160.77986315221446,79724800
2022-03-03,162.57945251464844,165.20060533866413,161.91439302006907,164.77026570160976,76678400
2022-03-04,159.58663940429688,161.91437725608384,158.54014531943216,160.87765818976635,83737200
2022-03-07,155.80162048339844,161.39600492959968,155.54732078440395,159.7724565579089,96418800
2022-03-08,153.9824676513672,159.30300237550088,152.37848423515257,155.33216629168248,131148300
2022-03-09,159.37152099609375,159.82142569710896,155.90926800503573,157.93380185036105,91454900
2022-03-10,155.03878784179688,156.86771648439594,152.5545597614365,156.68188663700346,105342000
2022-03-11,151.3319854736328,155.78206635482195,151.1070406596988,155.43974670100266,96970100
2022-03-14,147.31227111816406,150.7354085874783,146.80370143921206,148.12404550887342,108732100
2022-03-15,151.68409729003906,152.15356685525754,147.07754097449947,147.58611061794517,92964300
2022-03-16,156.0852508544922,156.48625045296393,151.06792059745445,153.60103819497576,102300200
2022-03-17,157.09262084960938,157.46428044860957,154.16829376386883,155.12676781405298,75615400
2022-03-18,160.3788604736328,160.86788006337628,156.25153394230247,156.98506332691767,123511700
2022-03-21,161.74813842773438,162.69683770871782,159.43017522147943,159.91919485399893,95811400
2022-03-22,165.11256408691406,165.69937857870127,161.2884277154457,161.8752422072329,81532000
2022-03-23,166.4720458984375,168.84867380689857,163.9682532045546,164.30079784879288,98062700
2022-03-24,170.2472686767578,170.31572365157868,166.47203725633872,167.30336151454603,90131400
2022-03-25,170.88302612304688,171.4307257382337,168.95628752581777,170.06147670026667,80546200
2022-03-28,171.74368286132812,171.87081780430975,168.22273590773543,168.38900077447545,90371900
2022-03-29,175.02987670898438,175.0787667230212,172.467404224187,172.80972386459516,100589400
2022-03-30,173.86602783203125,175.66561632731086,172.81951875433577,174.6288971925018,92633200
2022-03-31,170.775390625,174.1202822188197,170.56999586828974,173.93445242077016,103049300
2022-04-01,170.48202514648438,171.0395147015426,168.1640768197994,170.208175340956,78751300
2022-04-04,174.5213165283203,174.57022147286082,170.60915974417932,170.73630961524591,76468400
2022-04-05,171.21551513671875,174.38436705774205,170.589570736433,173.6019328264619,73401800
2022-04-06,168.0564727783203,169.81694627331598,166.3938091700385,168.57483234577828,89058800
2022-04-07,168.3596649169922,169.55287391806212,166.11996174699982,167.401190693142,77594700
2022-04-08,166.35467529296875,168.00756384278074,165.48422104719532,168.00756384278074,76575500
2022-04-11,162.1099853515625,165.31795249524248,161.8654755697351,165.00498773482366,72246700
2022-04-12,163.97804260253906,166.13950070260202,162.9804385205217,164.33013728303388,79265200
2022-04-13,166.65785217285156,167.28379658301122,163.10758048377514,163.71395993382896,70618900
2022-04-14,161.6601104736328,167.5087962740481,161.41560064690395,166.87306177033577,75329400
2022-04-18,161.44488525390625,162.94128354797698,159.97782693237113,160.32013158651594,69023900
2022-04-19,163.72373962402344,164.13452917950872,160.31039271090148,161.3960167105301,67723800
2022-04-20,163.5574951171875,165.17126878968486,162.45232094308298,165.05389393478876,67929800
2022-04-21,162.7652587890625,167.7630389892028,162.26646424033356,165.200581424204,87227800
2022-04-22,158.2369384765625,164.1834179598548,157.95331370568275,162.8043941791054,84882400
2022-04-25,159.3030242919922,159.58664908398902,154.98009296481885,157.5816658069576,96046400
2022-04-26,153.3565673828125,158.77489861463468,153.27832244686797,158.68687865808295,95623200
2022-04-27,153.13160705566406,156.2808795981602,151.967738002025,152.48609759207858,88063200
2022-04-28,160.0463104248047,160.906989569117,155.43973990755873,155.75271956865106,130216800
2022-04-29,154.1878662109375,162.55010393809633,153.79665651995063,158.28585264208988,131747600
2022-05-02,154.4910888671875,154.75514872367953,149.9040823265059,153.26853978592672,123055300
2022-05-03,155.9776611328125,157.18065989099466,152.88706912402677,154.67686742533908,88966500
2022-05-04,162.37400817871094,162.8238976761622,155.76245624084706,156.1634557365186,108256500
2022-05-05,153.3271942138672,160.47665766238154,151.5471558846843,160.25171284753384,130525300
2022-05-06,154.05201721191406,156.16768941381943,151.01563498071906,152.80807823964273,116124600
2022-05-09,148.9391632080078,152.6317930294346,148.3808694909006,151.7502553954864,131577900
2022-05-10,151.33888244628906,153.52312542416914,149.7913080506125,152.32816310530018,115366700
2022-05-11,143.4932403564453,152.25954795565056,142.81739949520818,150.34957266016625,142689800
2022-05-12,139.63414001464844,143.1994331763469,135.95131447864176,139.83983661531016,182602000
2022-05-13,144.0907440185547,145.0604308345469,140.17283922837782,141.62245981596948,113990900
2022-05-16,142.5529327392578,144.49230601105745,141.22084476017127,142.56273706460962,86643800
2022-05-17,146.1770477294922,146.69616897048812,143.6695758585412,145.80484195458106,78336300
2022-05-18,137.9298553466797,144.33562356857507,137.02872402723415,143.83609605190958,109742900
2022-05-19,134.53106689453125,138.75260707730666,133.7964597180681,137.00914057415054,136095600
2022-05-20,134.76611328125,137.81228455615957,129.88832647827988,136.2353274341848,137426100
2022-05-23,140.17282104492188,140.31973647724712,134.82487512400195,134.9620011760451,117726300
2022-05-24,137.479248046875,139.0562049598391,134.51143704695141,137.92000924521287,104132700
2022-05-25,137.63600158691406,138.87992561613757,135.50073567160547,135.5888849437953,92482700
2022-05-26,140.82908630371094,141.37759058232152,134.3253649583187,134.57023400738558,90601500
2022-05-27,146.5688018798828,146.60797434750936,142.27869181225157,142.4060284868712,90978500
2022-05-31,145.78521728515625,147.5678709384086,143.82626511004062,146.01050754614022,103718400
2022-06-01,145.6579132080078,148.62572491730577,144.6490389655957,146.8234773391278,74286600
2022-06-02,148.10659790039062,148.16536407915592,143.8458705924634,144.79596367082308,72348100
2022-06-03,142.39622497558594,144.93306421639832,141.49510885340763,143.8850177275583,88570300
2022-06-06,143.140625,145.52075950090375,141.92606935448035,144.01235806018857,71598400
2022-06-07,145.6579132080078,145.94195473174813,141.14252729935507,141.3873963509184,67808200
2022-06-08,144.9232940673828,146.79408210793065,144.4335560047601,145.5305644824367,53950200
2022-06-09,139.71246337890625,144.91347882072873,139.60472041542363,144.06133943857793,69473000
2022-06-10,134.31556701660156,137.87105521943323,134.24699651333503,137.40091085996173,91437900
2022-06-13,129.17330932617188,132.4251621177248,128.74233746263164,130.1429810735186,122207100
2022-06-14,130.03521728515625,131.1420298533222,128.78148930777198,130.39763353725542,84784300
2022-06-15,132.65040588378906,134.5212083257923,129.44753064670965,131.53380402362237,91533000
2022-06-16,127.39067840576172,129.67285985675707,126.39160844816745,129.36922461121898,108123900
2022-06-17,128.85989379882812,130.34870189215334,127.14581035148301,127.40048374314352,134520300
2022-06-21,133.08143615722656,134.24701531100777,130.58378362269173,130.68172228241795,81000500
2022-06-22,132.57211303710938,134.93263938077834,131.16166488175563,132.0235937967665,73409200
2022-06-23,135.43215942382812,135.74558399228505,132.84634321517927,134.0119221215175,72433800
2022-06-24,138.75259399414062,138.99746302987265,136.90138468183136,137.0287064173905,89116800
2022-06-27,138.75259399414062,140.5450371291734,138.0767530642211,139.7712426067131,70207900
2022-06-28,134.61920166015625,140.47646473111445,134.50166930718802,139.21294709984699,67083400
2022-06-29,136.37245178222656,137.78289974267364,133.8649953839291,134.63878986432783,66242400
2022-06-30,133.9139862060547,135.53011594509118,131.0245344279122,134.43310739232075,98964500
2022-07-01,136.07859802246094,136.18634098386156,132.87572215700436,133.2479128863371,71051600
2022-07-05,138.6546630859375,138.70363989022064,134.11968301964518,134.94245447298385,73353800
2022-07-06,139.98672485351562,141.16209320483665,138.18449238511542,138.44895512148898,74064300
2022-07-07,143.34634399414062,143.5422362397496,140.3393449670909,140.34913434840425,66253700
2022-07-08,144.02220153808594,144.52174406124357,142.0240762823262,142.27873476282176,64547800
2022-07-11,141.89669799804688,143.63037488194183,140.82907263468897,142.6802818681296,63141600
2022-07-12,142.8664093017578,145.40324925342907,142.0730359145698,142.7684556965353,77588800
2022-07-13,142.5039825439453,143.44427122627144,139.2031379384123,140.0552923046931,71185600
2022-07-14,145.42282104492188,145.8929653987599,140.30995449187216,141.12292146669557,78140700
2022-07-15,147.0879364013672,147.76377735798872,145.1583671279135,146.7059412883577,76259900
2022-07-18,144.05154418945312,148.4591862413332,143.6891279021673,147.64621935829007,81420900
2022-07-19,147.90087890625,148.1261542059037,143.89482557447934,144.88409097349603,82982400
2022-07-20,149.89903259277344,150.56508418725386,147.28383290571463,148.01844006316782,64823400
2022-07-21,152.16160583496094,152.3770917552224,148.82158901652633,151.3290452388946,65086600
2022-07-22,150.92747497558594,153.07253011561605,150.2614383736218,152.20079694797485,66675400
2022-07-25,149.8108673095703,151.85796878260385,149.15462011252404,150.84910958984113,53623900
2022-07-26,148.4886016845703,149.94801169458665,147.70501771546552,149.13504463438227,55138700
2022-07-27,153.5720672607422,154.10099277980115,149.0371026048061,149.4484808165071,78620700
2022-07-28,154.12060546875,154.40464702646852,151.2409426865888,153.75818906606037,81378700
2022-07-29,159.17465209960938,160.2716754702952,156.22643448443253,157.93072824104914,101786900
2022-08-01,158.19522094726562,160.23253356212356,157.5879503888758,157.70548276904853,67829400
2022-08-02,156.72593688964844,159.0766880696811,156.35374620232938,156.81410108129182,59907000
2022-08-03,162.72036743164062,163.1709180629882,157.45078129075776,157.53893055181024,82507500
2022-08-04,162.4069366455078,163.75861850349844,161.05525478751719,162.60282888470158,55474100
2022-08-05,162.1813507080078,162.67176904705062,159.87637852795464,160.0823608155598,56697000
2022-08-08,161.71051025390625,164.59417198149717,161.05335158963675,163.18176501562593,60276900
2022-08-09,161.7595977783203,162.64235984823435,160.12160217379457,160.87685067478762,63135500
2022-08-10,165.99681091308594,166.09488560468589,163.70164162721542,164.46669306704544,70170500
2022-08-11,165.2611846923828,167.71327649760102,164.9669306824805,166.8010905635419,57149200
2022-08-12,168.80198669433594,168.87063747457046,166.1537158722437,166.5656804191666,68039400
2022-08-15,169.87107849121094,170.06724280100903,168.06634289486433,168.23308330651162,54091700
2022-08-16,169.7141876220703,170.3811644180383,168.37044601656845,169.46897842594916,56377100
2022-08-17,171.20504760742188,172.7743773350279,169.26299514755854,169.45915949271176,79542000
2022-08-18,170.81268310546875,171.5483105348056,169.8024226331564,170.42035446304044,62290100
2022-08-19,168.23309326171875,170.41055165199725,168.02711099609633,169.7141510996703,70346300
2022-08-22,164.35879516601562,166.6049043800519,163.9370276482697,166.43816395511286,69026800
2022-08-23,164.0253448486328,165.4769941855601,163.45645767060176,163.87822530534152,54147100
2022-08-24,164.31956481933594,164.88845187937156,163.06409508904346,164.11359750144874,53841500
2022-08-25,166.7716827392578,166.8795753877456,165.12388407113372,165.54563671843377,51218200
2022-08-26,160.48451232910156,167.77213753118554,160.42566451575846,167.3013400580589,78961000
2022-08-29,158.2874298095703,159.7782908024648,156.7573269679059,158.06182659509352,73314000
2022-08-30,155.8647918701172,159.44484048815386,154.69759359071182,159.02308781449068,77906200
2022-08-31,154.20712280273438,157.5027341926007,154.12865408316875,157.23790413486398,87991100
2022-09-01,154.93296813964844,155.38414463005734,151.70600708998924,153.63825654168207,74229900
2022-09-02,152.8241424560547,157.2869518100939,152.0002433352291,156.6886409081276,76957800
2022-09-06,151.5686798095703,154.07961913097643,150.74478065092995,153.47150522336744,73714800
2022-09-07,152.97132873535156,153.66771454965397,150.66635604545868,151.85317527366345,87449600
2022-09-08,151.50003051757812,153.36361410419434,149.75412756943635,151.6765739248584,84923800
2022-09-09,154.35427856445312,154.79566708651402,151.7844910019974,152.49069467763707,68028800
2022-09-12,160.29811096191406,161.11220709833708,156.24726616785827,156.53170218353472,104956000
2022-09-13,150.8919219970703,157.46352522744408,150.43092752735453,156.83579030622826,122656600
2022-09-14,152.333740234375,154.08944624806267,150.66632089509483,151.82370097735972,87965400
2022-09-15,149.45008850097656,152.2651001071562,148.4790697119515,151.68639505914092,90481100
2022-09-16,147.81207275390625,148.44962552428208,145.5267216779744,148.31230899881908,162278800
2022-09-19,151.51962280273438,151.5980915210163,146.24273245408108,146.44869974399057,81474200
2022-09-20,153.8932647705078,155.05065980282333,150.14647654096675,150.4603364872082,107689800
2022-09-21,150.77423095703125,155.6980357811973,150.65653533272163,154.32485530993193,101696800
2022-09-22,149.81301879882812,151.5098622787984,148.01808565192604,149.45991695080835,86652500
2022-09-23,147.54725646972656,148.5673350111051,145.7130966439831,148.29270193451399,96029900
2022-09-26,147.8807373046875,150.82324708343862,146.77238716545008,146.79200808789446,93339400
2022-09-27,148.8517608642578,151.75504386028683,147.0764489671257,149.81299153282302,84442700
2022-09-28,146.96856689453125,147.75323924438212,142.06438341593866,144.81072915722658,146691400
2022-09-29,139.74960327148438,143.9083561021041,137.98409428837317,143.3002421615135,128138200
2022-09-30,135.55162048339844,140.35772899315157,135.35545614892226,138.5725991267457,124925300
2022-10-03,139.7201690673828,140.32829792951577,135.05139229305564,135.5614315097669,114311700
2022-10-04,143.30026245117188,143.41795807791704,141.4955113649154,142.25075989142124,87830100
2022-10-05,143.59449768066406,144.55572849466822,140.26946161653336,141.30916116839794,79471000
2022-10-06,142.64306640625,144.71263233032042,142.43709909152813,143.0157891213956,68402200
2022-10-07,137.4053955078125,140.35772324812106,136.7776606833551,139.80844218113944,85925600
2022-10-10,137.7290802001953,139.17091126885134,135.91454138275128,137.7290802001953,74899000
2022-10-11,136.31668090820312,138.64127407342733,135.57125040118655,137.21904887976436,77033700
2022-10-12,135.68893432617188,137.67022848780448,135.51239091855444,136.4638036366148,70433700
2022-10-13,140.24984741210938,140.8383404618952,131.7950247428473,132.4031536839207,113224000
2022-10-14,135.72817993164062,141.75051634248345,135.5418185741853,141.54453406151188,88598000
2022-10-17,139.68096923828125,140.16156968133146,137.5819791306435,138.36665154683308,85250900
2022-10-18,140.99526977539062,143.88873492707052,137.91544326382163,142.7019309504816,99136600
2022-10-19,141.10316467285156,142.1722730567363,138.78838952105372,138.974750883936,61758300
2022-10-20,140.64215087890625,143.09424222902763,139.9163264513743,140.2792461483292,64522000
2022-10-21,144.44786071777344,145.01674794041006,139.91638386611885,140.13216919078735,86548600
2022-10-24,146.5860595703125,147.35111109163424,143.20217553886908,144.36937374781388,75981900
2022-10-25,149.42066955566406,149.5678040506047,146.49778017936205,147.2137868289863,74732300
2022-10-26,146.48797607421875,149.07738452163943,145.20306734701933,148.06712385627637,88194300
2022-10-27,142.02513122558594,146.19368643958677,141.3679725525205,145.23247083964995,109180200
2022-10-28,152.75552368164062,154.48179100593666,144.98729827273644,145.36000606754794,164762400
2022-10-31,150.40150451660156,151.2842665764986,149.0087181195706,150.22496108445085,97943200
2022-11-01,147.76303100585938,152.4710497811702,146.27217011734126,152.10814502054632,80379300
2022-11-02,142.25076293945312,149.2539372421044,142.22133903213634,146.0956414814595,93604600
2022-11-03,136.21859741210938,140.06347524662803,136.0910838596121,139.3376507448135,97918500
2022-11-04,135.95333862304688,140.16810151754257,132.0234836201314,139.59827074317496,140814800
2022-11-07,136.48385620117188,136.70981865595215,133.29084915754692,134.70559929239224,83374600
2022-11-08,137.05369567871094,138.9498435557623,135.0789489012502,137.94774130575934,89908500
2022-11-09,132.50486755371094,136.12034157773797,132.22977893126608,136.07121539704306,74917800
2022-11-10,144.29446411132812,144.29446411132812,137.05371017047622,138.7632027049217,118854000
2022-11-11,147.07484436035156,147.37940577392345,141.83830991998155,143.26289458275522,93979700
2022-11-14,145.67970275878906,147.644629976999,144.84460269456784,146.3576050476643,73374100
2022-11-15,147.4088592529297,150.89660867721872,145.95481705312972,149.5506380930854,89868300
2022-11-16,146.18077087402344,147.24183349471545,144.70707528826344,146.51481993344615,64218300
2022-11-17,148.07693481445312,148.82360185357618,143.58706836561342,143.86215701114332,80389400
2022-11-18,148.63693237304688,150.02220984195606,147.34008803390304,149.63904958366277,74829600
2022-11-21,145.41448974609375,147.7331053618716,145.12958178515976,147.5267963190737,58724100
2022-11-22,147.54640197753906,147.7821986794849,144.3533947208252,145.53236323934706,51804100
2022-11-23,148.4208221435547,149.16748927839564,146.72114887646376,146.82922050043365,58301400
2022-11-25,145.51272583007812,146.26922721502757,144.54008119228595,145.70921560778717,35195900
2022-11-28,141.69088745117188,144.06844732695734,140.8656217074189,142.5947520740256,69246000
2022-11-29,138.69439697265625,142.2705641956943,137.88878454429147,141.75967888062996,83763800
2022-11-30,145.43408203125,146.11198429763354,138.08525867650403,138.9203437218135,111380900
2022-12-01,145.70921325683594,146.51484082101652,144.0390276864429,145.61097586517099,71250400
2022-12-02,145.2179412841797,145.4046117654443,143.09581632538948,143.40039263183445,65447400
2022-12-05,144.05865478515625,148.2734173934748,143.21373541725012,145.17866278529172,68826400
2022-12-06,140.40390014648438,144.71691547188212,139.43125562304482,144.49095300364328,64727200
2022-12-07,138.4684600830078,140.85584008868295,137.5449416476374,139.69653991914743,69721100
2022-12-08,140.14845275878906,141.0032064446931,138.62564588690643,139.86354485762612,62128300
2022-12-09,139.6670684814453,143.01727390300547,138.42915440090607,139.8439047836886,76097000
2022-12-12,141.9561767578125,141.96599599737974,138.58631867677312,140.19755844692216,70462700
2022-12-13,142.91900634765625,147.34009332894186,141.71058010364294,146.87833415604433,93886200
2022-12-14,140.6986541748047,144.08815144991274,138.68460028950005,142.80112620848055,82291200
2022-12-15,134.10630798339844,139.3133690938159,133.64454880056923,138.63546667684503,98931900
2022-12-16,132.15118408203125,135.23611943482993,131.38486361161162,134.29296269794702,160156900
2022-12-19,130.04873657226562,132.82911109974094,129.01716151047765,132.74069295008061,79592600
2022-12-20,129.97994995117188,130.91328746393052,127.61220884643005,129.08590439011405,77432800
2022-12-21,133.07472229003906,134.41087369361549,130.42207295695286,130.64803543949063,85928000
2022-12-22,129.91116333007812,132.20030541745464,128.01501569466643,131.9939964474779,77852100
2022-12-23,129.54766845703125,130.0978457490201,127.3665977700706,128.62415014924704,63814900
2022-12-27,127.74978637695312,129.10559142681458,126.46276099945749,129.076118707575,69007800
2022-12-28,123.82974243164062,128.73223486036684,123.66272537894751,127.39608344761355,85438400
2022-12-29,127.3371353149414,128.19187403447657,125.49010604619004,125.74554124055933,75703700
2022-12-30,127.65150451660156,127.67115798862761,125.19535270118398,126.15817044916967,77034200
2023-01-03,122.87675476074219,128.60451337209517,121.99253578697103,127.99539057563403,112117500
2023-01-04,124.14412689208984,126.4037966398773,122.886574422074,124.66483150899292,89113600
2023-01-05,122.82762145996094,125.52939692056383,122.57218626779334,124.90062068574457,80962700
2023-01-06,127.3469467163086,128.0051956310965,122.69989736764362,123.80025946812165,87754700
2023-01-09,127.86764526367188,131.07048653770673,127.6122100970975,128.18204084518473,70790800
2023-01-10,128.4375,128.95820466182693,125.87326865028986,127.97574077291436,63896200
2023-01-11,131.14906311035156,131.16870158744862,128.17219978892,128.94833938796359,69458900
2023-01-12,131.07049560546875,131.90558081812333,129.13504077259947,131.5322547782573,71379600
2023-01-13,132.39683532714844,132.55403315564018,129.35120610397337,129.71471296505177,57809700
2023-01-17,133.55613708496094,134.88245427698436,131.77787992946924,132.4656016206527,63646600
2023-01-18,132.8389434814453,136.17931456809228,132.66209219338052,134.4207108763407,69672800
2023-01-19,132.89788818359375,133.86069855178562,131.42419241972087,131.7287538123279,58280400
2023-01-20,135.45225524902344,135.59963378756996,131.8662690124696,132.9076780568954,80223600
2023-01-23,138.63546752929688,140.80671912517695,135.4817521326256,135.6978953680963,81760300
2023-01-24,140.0305633544922,140.64952034187644,137.83967329148908,137.84949253259393,66435100
2023-01-25,139.372314453125,139.93231102042415,136.37579688239575,138.41932337339787,65799300
2023-01-26,141.4354705810547,141.72037843724186,139.4115829133593,140.6593159193217,54105100
2023-01-27,143.37095642089844,144.64816254873466,140.57094316997566,140.6495420845882,70555800
2023-01-30,140.4923095703125,142.9975950119405,140.34494601130174,142.41794502488958,64015300
2023-01-31,141.75965881347656,141.80878498914117,139.7849124778732,140.19754536928863,65874500
2023-02-01,142.87969970703125,144.03901475780756,138.84178798038548,141.44531098955775,77663600
2023-02-02,148.17518615722656,148.52885870656533,145.57164829200897,146.2888426135127,118339000
2023-02-03,151.7906494140625,154.62014981197694,145.23761799882098,145.43410775063012,154357300
2023-02-06,149.06924438476562,150.41523013113607,148.13590667152536,149.89452545981646,69858300
2023-02-07,151.9380340576172,152.5078649107581,147.9983592694092,147.9983592694092,83322600
2023-02-08,149.25587463378906,151.86923151834947,148.5190269025848,151.18150996746658,64120100
2023-02-09,148.22427368164062,151.62360422246954,147.78216807435706,151.083246261921,56007100
2023-02-10,148.58837890625,148.913088785703,146.82709018156558,147.06324691592152,57450700
2023-02-13,151.38282775878906,151.7862414824205,148.49980618651492,148.52932389765635,62199000
2023-02-14,150.74325561523438,151.30412220458746,148.44078385852455,149.68057287811524,61707600
2023-02-15,152.839111328125,153.0063833860837,150.42840282421838,150.6547103127393,65573800
2023-02-16,151.24510192871094,153.82308261470098,150.890874314185,151.04829713189807,68167900
2023-02-17,150.10366821289062,150.5464488832577,148.4309328947845,149.90687847207133,59144100
2023-02-21,146.09893798828125,148.87372305726493,146.03006833094608,147.79135689260553,58867200
2023-02-22,146.52206420898438,147.54538003263738,144.80012742797703,146.48269724609548,51011300
2023-02-23,147.0041961669922,147.92912460701393,144.87884561858363,147.68313363952294,48394200
2023-02-24,144.3573455810547,144.8296440334222,143.38321594733068,144.75092512234477,55469600
2023-02-27,145.5479278564453,146.7778826433076,145.08546365545737,145.3413038601465,44998500
2023-02-28,145.0460968017578,146.689314426437,144.47539603761436,144.6918692589824,50547000
2023-03-01,142.9797821044922,144.86899086128216,142.68458995191014,144.4754113339038,55479000
2023-03-02,143.57017517089844,144.35734928778834,141.59239813777418,142.0647116163666,52238100
2023-03-03,148.60806274414062,148.68678165578146,144.96739941181147,145.66600535471582,70732300
2023-03-06,151.36317443847656,153.7935665673354,150.9991125857975,151.32380747304748,87558000
2023-03-07,149.16891479492188,151.55993956940895,148.7064506179963,151.23522972088062,56182000
2023-03-08,150.41856384277344,151.00894821688513,149.39524794362458,150.35952840818192,47204800
2023-03-09,148.17510986328125,152.06176399701366,147.82088228318355,151.09748364556307,53833600
2023-03-10,146.11862182617188,148.5194958597798,145.242894659562,147.80120650188752,68572400
2023-03-13,148.05703735351562,150.6842189540097,145.33145336527863,145.43968998615728,84457100
2023-03-14,150.14305114746094,150.94005952145656,147.69299059245188,148.85406081281639,73695900
2023-03-15,150.53663635253906,150.79246155107444,147.51586009545082,148.76549840164833,77167900
2023-03-16,153.3507537841797,153.95097226183628,149.20825986230471,149.71992520737962,76161100
2023-03-17,152.51437377929688,154.22647602550626,151.80591871287191,153.5770563789343,98944600
2023-03-20,154.87586975097656,155.28914768903184,151.67798794532857,152.58324769963735,73641400
2023-03-21,156.72573852539062,156.8438093660786,154.0296725549558,154.79717806171172,73938300
2023-03-22,155.29901123046875,159.53989288471735,155.27932775015748,156.7454392443716,75701800
2023-03-23,156.38134765625,158.95934282613845,155.15139299961646,156.28296029217628,67622100
2023-03-24,157.6802215576172,157.76877470893055,155.31871410467124,156.31251228008384,59196500
2023-03-27,155.74179077148438,158.19186606543823,155.33836200567538,157.37517430078694,52390300
2023-03-28,155.12188720703125,155.94842821050446,153.47866946121147,155.43676283008696,45992200
2023-03-29,158.19186401367188,158.46737267599337,156.7946372221569,156.8143056879684,51305700
2023-03-30,159.75637817382812,159.8646148025582,158.68386113447403,158.9396863414281,49501700
2023-03-31,162.25564575195312,162.35404815041076,159.31360321570477,159.83510289651463,68749800
2023-04-03,163.5052490234375,163.6233198649464,161.586522778444,161.6357239671043,56976200
2023-04-04,162.97393798828125,164.16452584406122,162.4622725801105,163.92838412805693,46278300
2023-04-05,161.1339111328125,162.40323287933546,159.20535043705326,162.0982064947886,51511700
2023-04-06,162.0194854736328,162.31467762112032,159.40213812085784,159.8252353547828,45390100
2023-04-10,159.43162536621094,159.43162536621094,157.51289929536236,158.83140695285897,47716900
2023-04-11,158.2213897705078,159.75637097122245,157.93603184667685,159.7465367378167,47644200
2023-04-12,157.53262329101562,159.46118408911326,157.2177476424543,158.6346580327857,50133100
2023-04-13,162.90504455566406,163.14120127307194,158.83143501847854,159.03807402297244,68445600
2023-04-14,162.5606689453125,163.65286938363687,161.19295983913122,161.9506011686896,49386500
2023-04-17,162.58033752441406,162.7377753387549,161.39958394505072,162.44258319038994,41516200
2023-04-18,163.8004608154297,164.7253892225956,162.99360326395418,163.43639900098648,49923000
2023-04-19,164.9418487548828,165.46334834295578,162.8853530999642,163.14119328481948,47720200
2023-04-20,163.97755432128906,165.17799130758831,162.9050374280842,163.4265370188754,52456400
2023-04-21,162.37368774414062,163.78074857435575,161.85218820428946,162.40320545287983,58337300
2023-04-24,162.67874145507812,162.9444158925364,161.26183114076272,162.35403159020615,41949600
2023-04-25,161.14378356933594,163.64304544690907,161.10441660264104,162.54101060503098,48714100
2023-04-26,161.1339111328125,162.6295403559192,160.1893142654478,160.44513945575562,45498800
2023-04-27,165.7093505859375,165.85693915334915,162.5409858833323,162.5409858833323,64902300
2023-04-28,166.95896911621094,167.12625617335198,165.1878463008649,165.78806481489534,55275900
2023-05-01,166.87042236328125,167.71663185783257,165.9356597273935,166.56539597816914,52472900
2023-05-02,165.83724975585938,167.6182368189597,164.85328597063295,167.3623966257795,48425700
2023-05-03,164.7647247314453,168.17908009941613,164.47938185396285,166.7818533947913,65136000
2023-05-04,163.13134765625,164.36130237503923,161.67508547315035,162.24578626436005,81235400
2023-05-05,170.78659057617188,171.50487988988195,168.02163990321543,168.23811312336284,113453200
2023-05-08,170.7177276611328,171.06212101363838,169.35001851271124,169.71408033203093,55962800
2023-05-09,169.01547241210938,170.7570775926942,168.84820036158354,170.27494492179522,45326900
2023-05-10,170.77674865722656,171.23921282792068,169.14336520388548,170.24541483030967,53724500
2023-05-11,170.96371459960938,171.79024060925457,169.40904995436452,171.06211698775132,49514700
2023-05-12,170.03750610351562,171.50563041723674,168.49053896760506,171.07208510437357,45533100
2023-05-15,169.54481506347656,170.6680845320844,168.95361427584695,170.61881529397183,37266700
2023-05-16,169.54481506347656,170.5991045917547,169.27877320555717,169.4659872894686,42110300
2023-05-17,170.15574645996094,170.39221479568312,167.91905489711874,169.19013234108013,57951600
2023-05-18,172.48109436035156,172.6683084617715,170.04734111161662,170.4611756877155,65496700
2023-05-19,172.58950805664062,173.80145343851697,172.37273538217633,173.80145343851697,55809500
2023-05-22,171.6435546875,172.1460798920396,170.90456118422298,171.42678205708316,43570900
2023-05-23,169.04232788085938,170.83562631420236,168.7664381272472,170.58929510312979,50747300
2023-05-24,169.3181915283203,169.88968165407772,168.0175707525213,168.57919800904358,45143500
2023-05-25,170.45132446289062,171.34795850917342,169.17039935195018,169.87983433539839,56058300
2023-05-26,172.8555145263672,173.1905363695113,170.56956891324683,170.7764937271046,54835000
2023-05-30,174.69808959960938,176.36329091292328,173.978806707213,174.36308277683443,55964400
2023-05-31,174.64881896972656,176.71800704198733,174.16600441023556,174.72764675708407,99625300
2023-06-01,177.44715881347656,177.47671735788407,174.33352850038895,175.0922328882,68901800
2023-06-02,178.29449462890625,179.11231590276506,176.6292935441097,178.37332240607034,61996900
2023-06-05,176.94461059570312,182.23579939859383,175.4272021453367,179.9498539235026,121946500
2023-06-06,176.58006286621094,177.4766970018392,174.82617090162998,177.328904296753,64848400
2023-06-07,175.21046447753906,178.5507149734009,174.71780207381394,175.82136104700194,61944600
2023-06-08,177.92013549804688,178.18616241252352,174.85577426667564,175.28930462040762,50214900
2023-06-09,178.3043975830078,179.5557493602978,177.97923856717878,178.83646640490514,48900000
2023-06-12,181.09283447265625,181.19137296447727,178.31422641468646,178.60982685528654,54274900
2023-06-13,180.619873046875,181.44754220802452,179.76264534674598,180.1173628493618,54929100
2023-06-14,181.25050354003906,181.684048880549,179.34883379218707,180.67901332162722,57462900
2023-06-15,183.28028869628906,183.7828140435399,181.08301826564116,181.26038457492544,65433200
2023-06-16,182.20628356933594,184.245913383536,181.56582838117956,183.98971928038128,101256200
2023-06-20,182.294921875,183.3689372512462,181.70373606119196,181.70373606119196,49799100
2023-06-21,181.26036071777344,182.68907870149724,179.91045548906328,182.1865534203878,49515700
2023-06-22,184.25572204589844,184.304991288712,180.97458893469445,181.04356888160584,51245300
2023-06-23,183.9404296875,184.8075203379306,182.29493904669715,182.8270228675936,53117000
2023-06-26,182.55111694335938,185.2903184900679,182.51169553463515,184.08822111663613,48088700
2023-06-27,185.30018615722656,185.6253451571229,182.94526040179295,183.1620330683905,50730800
2023-06-28,186.4727325439453,187.11318769857849,184.84695251457532,185.17209649255778,51216800
2023-06-29,186.80776977539062,187.28073661729,186.16731451659385,186.30525942009777,46347300
2023-06-30,191.12344360351562,191.62595381515632,188.45320690668942,188.81778728912292,85213200
2023-07-03,189.6356658935547,191.0348256615158,188.94592633009648,190.93628714248834,31458200
2023-07-05,188.52220153808594,190.1479814937267,187.82261429340878,188.75868490984942,46920300
2023-07-06,188.99514770507812,189.20207252866174,186.42344937265386,187.05405664400223,45094300
2023-07-07,187.8817138671875,189.8425155087971,187.44818361165477,188.6010117511895,46815000
2023-07-10,185.84213256835938,187.20188576037833,184.29516523716504,186.4825877482977,59922200
2023-07-11,185.3198699951172,186.52196732292174,183.86159365977753,186.38402246734722,46638100
2023-07-12,186.98509216308594,188.88676181703667,185.70416691161034,186.89640150427806,60750200
2023-07-13,187.74375915527344,188.38422922243208,186.99491780606402,187.70435278315148,41342300
2023-07-14,187.89158630371094,188.37438582770977,186.8471444335954,187.4383302857117,41616200
2023-07-17,191.14315795898438,191.46831693797242,188.9951421376018,189.08381775872684,50520200
2023-07-18,190.886962890625,191.4781637647375,189.5961898515042,190.51254970289233,48288200
2023-07-19,192.2368621826172,195.3209183853995,189.82280454932882,190.26621270882248,80507300
2023-07-20,190.29580688476562,193.5867885139367,189.67504737311495,192.22703531122195,59581200
2023-07-21,189.1232452392578,192.10877819186132,188.4236580132484,191.25155042374644,71951700
2023-07-24,189.92135620117188,192.04966138875844,189.4286937985748,190.57167418096722,45377800
2023-07-25,190.77859497070312,191.58656857428397,190.08887057427083,190.49285737606127,37283200
2023-07-26,191.6456756591797,192.7689453418544,190.48299959942145,190.82785426220883,47471900
2023-07-27,190.38446044921875,194.30604897209747,189.72429463258098,193.1433729163405,47460200
2023-07-28,192.95616149902344,193.74442436278966,191.29096014596897,191.8131810983056,48291400
2023-07-31,193.5670623779297,193.60648379116893,192.39452340931743,193.1827862905988,38824100
2023-08-01,192.73939514160156,193.842954166062,192.41423613585215,193.3601546102926,35175100
2023-08-02,189.7538299560547,192.31566512038475,189.03454714457348,192.17772026565052,50389300
2023-08-03,188.36453247070312,189.54691917513858,187.89158079590146,188.7586713954234,61235200
2023-08-04,179.31927490234375,184.6301752435833,179.25029494609427,182.79747042079737,115956800
2023-08-07,176.22537231445312,180.4425618735659,174.7473848978987,179.45723692919626,97576100
2023-08-08,177.16140747070312,177.62451134366992,174.97398514494694,177.05302113799038,67823000
2023-08-09,175.57504272460938,178.2748232727554,174.41235154839882,178.21570618554995,60378500
2023-08-10,175.35824584960938,178.0974474344709,174.99368050557445,176.84608080013524,54686900
2023-08-11,175.41744995117188,176.2363757071569,174.1940069392339,174.95373578240464,52036700
2023-08-14,177.06517028808594,177.2920967961584,174.9438523177461,175.59504844195268,43675600
2023-08-15,175.08197021484375,177.08487915778778,174.68731413890805,176.49289504388423,43622600
2023-08-16,174.2137451171875,176.15744233651847,174.14467201512105,174.76626971305478,46964900
2023-08-17,171.67803955078125,175.1411945839284,171.1649745274817,174.7761369036864,66062900
2023-08-18,172.1614990234375,172.76335939467492,169.6652621694116,170.0007213782545,61172200
2023-08-21,173.49346923828125,173.77960771425435,171.4215020828672,172.7337554755455,46311900
2023-08-22,174.8649444580078,175.30893640777694,173.89802631437342,174.69721483499137,42038900
2023-08-23,178.7030029296875,179.12727253692543,175.95024126986627,176.13770818549477,52722800
2023-08-24,174.0262908935547,178.68330576322634,173.66121814414575,178.25903609639087,54945800
2023-08-25,176.22653198242188,176.7593193055493,173.47376987845638,175.01294998434398,51449600
2023-08-28,177.7854461669922,178.1801023209798,176.1673318473753,177.68677460091166,43820700
2023-08-29,181.66297912597656,182.4325690983829,177.1046362040057,177.30196426395187,53003900
2023-08-30,185.1458740234375,185.34321714142652,182.27471834075723,182.47204640358012,60813900
2023-08-31,185.36294555664062,186.59626480914432,184.97815055206615,185.33334709899387,60794500
2023-09-01,186.93173217773438,187.38558521498553,185.76747101772168,186.961330634287,45766500
2023-09-05,187.1685333251953,187.44479564304942,185.1064270757959,185.7674844117445,45280000
2023-09-06,180.4691162109375,186.3298508313997,179.048330235654,185.88584392275033,81755800
2023-09-07,175.19053649902344,175.8318715643951,171.22417743783686,172.84229174782251,112488800
2023-09-08,175.80223083496094,177.83475336123297,175.4174358773743,175.96997548136457,65551300
2023-09-11,176.9665069580078,177.89396541040293,174.97345890425444,177.6670388917848,58953100
2023-09-12,173.9473419189453,177.72623373133553,172.487096210491,177.09477490699047,90370200
2023-09-13,171.88525390625,174.93401565723292,171.65831231126361,174.15454941477398,84267900
2023-09-14,173.39483642578125,173.75003299454158,171.2636570132194,171.6780505009118,60895800
2023-09-15,172.67454528808594,174.14466716160445,171.50043808217407,174.12492983939754,109259500
2023-09-18,175.5950469970703,176.9862345995646,173.81906442528665,174.12492516303394,67257600
2023-09-19,176.68038940429688,177.23291401853146,174.7662755227223,175.15107052586188,51826900
2023-09-20,173.1481475830078,177.30195805066697,173.0593371622532,176.86782730089922,58436200
2023-09-21,171.6089630126953,173.94734650075085,171.53990496478352,172.22069958579337,63149100
2023-09-22,172.4574737548828,174.71692282922322,171.72735846610487,172.33907993619778,56725400
2023-09-25,173.7302703857422,174.6083930174941,171.82601779128095,171.87535356826675,46172700
2023-09-26,169.66525268554688,172.86200623492672,169.36925308333926,172.48708745695123,64588900
2023-09-27,168.15567016601562,170.73084132501634,166.7940959712009,170.3164478696235,66921800
2023-09-28,168.41221618652344,169.7343308371659,165.38317681816312,167.08022534636603,56294400
2023-09-29,168.92527770996094,170.76045735672912,168.06687727418498,169.7244661753788,51861100
2023-10-02,171.431396484375,171.97406003104268,168.64902069337074,168.9351592248721,52164500
2023-10-03,170.0994110107422,171.31300817848214,168.54050848834052,169.96127983577614,49594600
2023-10-04,171.3425750732422,171.88523853747708,168.68846972057472,168.80686354725646,53020300
2023-10-05,172.57589721679688,173.10868450108188,170.3756448658088,171.47083294671847,48527900
2023-10-06,175.12147521972656,175.61480292776608,170.8689777300858,171.48071432556827,57266700
2023-10-09,176.60145568847656,176.66065260372454,173.45402254968238,174.45053908507856,42390800
2023-10-10,176.0094757080078,177.32172934204314,175.57534487507363,175.7233522345748,43698000
2023-10-11,177.400634765625,177.4499705441094,175.22999600880442,175.82198018511957,47551100
2023-10-12,178.29852294921875,179.90676118500224,176.6507950071692,177.6670640281674,56743100
2023-10-13,176.4633331298828,179.5022186651883,175.76280113660414,178.99902980590412,51427100
2023-10-16,176.33505249023438,176.69024903281087,174.15453745424634,174.39134016768617,52517000
2023-10-17,174.78599548339844,176.03905203817294,172.467364361049,174.29266779074965,57549400
2023-10-18,173.49346923828125,175.21025492862336,172.77321506438722,173.23694427289632,54764400
2023-10-19,173.11854553222656,175.46677490830675,172.85214438582656,173.69079235758196,59302900
2023-10-20,170.57301330566406,173.07911173437196,170.33621055796252,172.9705790235715,64244000
2023-10-23,170.69137573242188,171.68789221712717,167.66233657820504,168.62926966195786,55980100
2023-10-24,171.12550354003906,171.35243005141567,169.1620540054936,170.74070856198063,43816600
2023-10-25,168.8167266845703,170.75056262830392,168.37271975850888,169.5863166088348,57157000
2023-10-26,164.66290283203125,169.09299056011605,163.45918215856796,168.0964590692853,70625300
2023-10-27,165.97515869140625,166.70528904611524,164.60370840247674,164.68264263448572,58499100
2023-10-30,168.0175323486328,168.8857938712959,166.61648356307745,166.76449089816728,51131000
2023-10-31,168.4911346435547,168.61938959873203,165.6594236135805,167.09008588386948,44846000
2023-11-01,171.64845275878906,171.9049777602895,167.84982318964867,168.71808481806195,56934900
2023-11-02,175.20040893554688,175.40759814141026,173.118565411641,173.17776232760195,77334800
2023-11-03,174.29263305664062,174.46037768725847,171.03668297815753,171.91480549386804,79829200
2023-11-06,176.83822631835938,177.03555436857033,173.858538133294,174.02626772873157,63841300
2023-11-07,179.39366149902344,180.00538292517788,176.5816880659098,176.7888772337267,70530000
2023-11-08,180.44940185546875,181.00192645947115,179.16674685036813,179.91661457451394,49340300
2023-11-09,179.975830078125,181.66300252138785,179.38383076688,180.51849360423827,53763500
2023-11-10,184.15487670898438,184.32284238950194,181.31944959381738,181.75415237279827,66133400
2023-11-13,182.5741424560547,183.7893232540613,181.9912524470517,183.58186108306094,43627500
2023-11-14,185.18234252929688,185.8442707665973,184.05607409829287,185.43920547847273,60108400
2023-11-15,185.74545288085938,187.21751156501972,185.5182274044454,185.5873915048758,53790500
2023-11-16,187.42501831054688,188.65996251273407,186.37777296409004,187.286705162902,54412900
2023-11-17,187.4051971435547,188.0868885447724,186.2986923038957,187.9584495633842,50922700
2023-11-20,189.14402770996094,189.598493753426,187.59294582194016,187.60281994734135,46505100
2023-11-21,188.34381103515625,189.21321658430173,187.454657232623,189.10454089065857,38134500
2023-11-22,189.00572204589844,190.60620477415247,188.53150773289747,189.18356183514956,39617700
2023-11-24,187.68186950683594,188.60066069963858,186.97054048498805,188.57102324664504,24048300
2023-11-27,187.5040283203125,188.37343380166539,186.6247487130357,187.63246733233092,40552600
2023-11-28,188.106689453125,188.77850691885152,187.11873411970524,187.4941619704054,38415400
2023-11-29,187.08909606933594,189.77633577367203,186.6939199672285,188.60066651864972,43014200
2023-11-30,187.66212463378906,188.02767838165897,185.92332856217539,187.55344893712552,48794400
2023-12-01,188.93655395507812,189.2526917735191,186.95075439627809,188.0375111237308,45704800
2023-12-04,187.1483612060547,187.76090372984268,185.1922139752508,187.69173962433385,43389500
2023-12-05,191.09031677246094,192.05850876803487,187.88933609882633,187.91898862751913,66628400
2023-12-06,190.00357055664062,192.41416882595195,189.79609331061306,192.1079050949125,41089700
2023-12-07,191.93008422851562,192.65128739108172,191.25826677194576,191.29779342674496,47477700
2023-12-08,193.35272216796875,193.62934842275146,191.33728508312288,191.86090014217592,53406400
2023-12-11,190.85321044921875,191.1594892758114,189.1144144313186,190.7840614125706,60943700
2023-12-12,192.36474609375,192.37462021785012,189.41075488796335,190.75437444051195,52696900
2023-12-13,195.57562255859375,195.61513413450965,192.50308121236986,192.74018081786602,70404200
2023-12-14,195.72381591796875,197.21562292408947,193.79730618821,195.63490356313392,66831600
2023-12-15,195.19033813476562,196.01032777733312,194.62719637119332,195.1508114803035,128538400
2023-12-18,193.53057861328125,194.26167102083278,192.0486455445977,193.72816667410518,55751900
2023-12-19,194.56793212890625,194.57780625556214,193.53057597994234,193.7973281496765,40714100
2023-12-20,192.48333740234375,195.2990010280865,192.48333740234375,194.5283970820936,52242800
2023-12-21,192.3351287841797,194.70623052718972,191.16934877699248,193.73803856316968,46482500
2023-12-22,191.2681427001953,193.0563392932213,190.64572606781581,192.82909873139974,37149600
2023-12-26,190.72479248046875,191.5546713962727,190.50744108704347,191.2780450910047,28919300
2023-12-27,190.8235321044922,191.16932243864449,188.78834689776542,190.17149315937536,48087700
2023-12-28,191.24838256835938,192.31537606668746,190.84331729052167,191.80163510638113,34049900
2023-12-29,190.21099853515625,192.05846979029215,189.4206314221306,191.56449222902597,42672100
2024-01-02,183.40402221679688,186.17030008579113,181.6751004330507,184.89582930034302,82488700
2024-01-03,182.03074645996094,183.64111826756874,181.22061595613366,182.0011090098209,58414500
2024-01-04,179.71893310546875,180.88471299934187,178.70134046081682,179.95603270422265,71983600
2024-01-05,178.99774169921875,180.5587129492039,177.99991223040004,179.79799818956093,62379700
2024-01-08,183.32496643066406,183.36449308108033,179.3138706884217,179.89676064456035,59144500
2024-01-09,182.9100341796875,182.9199083051763,180.52905841182087,181.7047275700206,42841800
2024-01-10,183.94737243652344,184.15483457675245,181.70471001714742,182.129538572139,46792900
2024-01-11,183.35459899902344,184.7970202008086,181.40832608034748,184.293153408918,49128400
2024-01-12,183.68060302734375,184.49073341290062,182.95940005422455,183.81891613280496,40477800
2024-01-16,181.41824340820312,182.04064501968628,178.75075193755313,179.96594785640553,65603000
2024-01-17,180.47967529296875,180.72666412936158,178.1283518215105,179.08666971271487,47317400
2024-01-18,186.35800170898438,186.86185345428623,183.59172402252184,183.8485869578717,78005800
2024-01-19,189.25270080566406,189.63800274105876,186.5457131326349,187.0495648712278,68903000
2024-01-22,191.55465698242188,192.97731505960866,189.94428498185601,189.9838116367789,60133900
2024-01-23,192.82907104492188,193.39221269336167,191.4953406920358,192.67100968439368,42355600
2024-01-24,192.15728759765625,194.0146482092326,191.999211146671,193.06620457832125,53631300
2024-01-25,191.83128356933594,193.90599578100486,190.78405333725613,192.86863967517039,54822100
2024-01-26,190.1023406982422,192.41415228379137,189.6281264159501,191.93006387634745,44594000
2024-01-29,189.420654296875,189.88499446653958,187.29655655692048,189.69728055859,47145600
2024-01-30,185.7751007080078,189.4898221386195,185.21197404804863,188.6401800108733,55859400
2024-01-31,182.1789093017578,184.84640005696093,182.12952360814134,184.7871100896247,55467800
2024-02-01,184.60935974121094,184.69827211551672,181.6059817451848,181.77393236609706,64885400
2024-02-02,183.61151123046875,185.07368095456727,177.0909997696198,177.69365314728918,102551700
2024-02-05,185.41944885253906,186.97054595458332,183.6016146657499,185.8837890630235,69668800
2024-02-06,187.0199432373047,187.02981736340615,184.5204175084795,184.6093298683978,43490800
2024-02-07,187.12860107421875,188.74884702540382,186.33823388644547,188.3437817688575,53439000
2024-02-08,186.05174255371094,187.25703410679802,185.09342474162452,187.1088468471974,40962000
2024-02-09,186.8134307861328,187.94113632063826,185.97259122428568,186.61557552858977,45155200
2024-02-12,185.1317596435547,186.63537211912902,184.7756412965565,186.38806813077576,41781900
2024-02-13,183.0445098876953,184.2019058140478,181.53101071537256,183.76664838776776,56529500
2024-02-14,182.16407775878906,183.5292003496781,180.47252724717288,183.32147349103352,54630500
2024-02-15,181.87721252441406,182.5004232912058,179.39428636951658,181.57055805003552,65434500
2024-02-16,180.3439483642578,182.8565652037317,179.7108507918506,181.44197861733377,49752500
2024-02-20,179.60205078125,180.46266385305907,178.0588762686663,179.82956623009554,53665600
2024-02-21,180.35382080078125,180.91766592307528,178.7117190512332,179.97791398976236,41371400
2024-02-22,182.3817596435547,182.96540858894926,180.4923684458442,181.50135795637885,52292200
2024-02-23,180.5516815185547,183.04449459753943,180.26480046872615,183.01481932952075,45119700
2024-02-26,179.2063446044922,180.78908088671756,178.70183486744935,180.2746995194681,40867400
2024-02-27,180.6605224609375,181.93660445629962,177.6236221032545,179.1470231922399,54318900
2024-02-28,179.4635772705078,181.1452415674966,178.18749518407353,180.5418191621621,48953900
2024-02-29,178.80081176757812,180.60119233185614,177.5939669066146,179.31520837083468,136682600
2024-03-01,177.72254943847656,178.58316252471684,175.46713817545924,177.61373507516265,73563100
2024-03-04,173.21170043945312,174.9922768844708,171.91581500377694,174.25036500096815,81510100
2024-03-05,168.285400390625,170.1846930657021,167.7907924514621,168.91849794898403,95132400
2024-03-06,167.29620361328125,169.39335177885377,166.8609461620447,169.2152850514215,68587700
2024-03-07,167.177490234375,168.88882954707424,166.67299554984157,167.32586658446218,71765100
2024-03-08,168.88882446289062,171.82679686006907,167.11813466346086,167.1774852017091,76267000
2024-03-11,170.88706970214844,172.49949666610803,170.19462149789052,171.07502316349817,60139500
2024-03-12,171.3618621826172,172.15323790323208,169.16580172767317,171.28272310113206,59825400
2024-03-13,169.2845458984375,171.32232852748163,168.9185256992457,170.90685960163916,52488700
2024-03-14,171.1343536376953,172.43022407386235,170.19460153541087,171.04532782778392,72913500
2024-03-15,170.75845336914062,170.75845336914062,168.45357838204507,169.3240932528417,121752700
2024-03-18,171.84658813476562,175.79356502758816,171.64874797271588,173.67664359575858,75604200
2024-03-19,174.18112182617188,174.70540499850514,171.1640105835326,172.45988088096897,55215200
2024-03-20,176.74322509765625,176.74322509765625,173.2018299224136,173.82504084734046,53423100
2024-03-21,169.5219268798828,175.57593855649498,168.99764365136926,175.14068113790177,106181300
2024-03-22,170.42208862304688,171.18378897881232,168.22602844508845,169.90769220539175,71160100
2024-03-25,169.00755310058594,170.085794876263,167.6226416976105,168.73057383883838,54288300
2024-03-26,167.87982177734375,169.5713723598813,167.7512188918725,168.16668772081567,57388400
2024-03-27,171.44100952148438,171.72789059246503,168.27552158079686,168.5722893771007,60273300
2024-03-28,169.63075256347656,170.37266455083602,168.67121185228598,169.8978451053126,65672700
2024-04-01,168.19638061523438,169.40322523760474,167.65230884379906,169.3438746978549,46240500
2024-04-02,167.01919555664062,167.51380346702695,166.41577330219988,167.25661278755086,49329500
2024-04-03,167.82046508789062,168.83935621904524,166.76201196368757,166.96973884210524,47691700
2024-04-04,166.9994354248047,170.06599565718972,166.9994354248047,168.4535689105981,53704400
2024-04-05,167.75120544433594,168.5524677712254,167.12799470376228,167.76109216771988,42104800
2024-04-08,166.63340759277344,167.37531948329715,166.425680716199,167.20715459942008,37425500
2024-04-09,167.8402557373047,168.2458378687617,166.53449863101693,166.88071513080217,42373800
2024-04-10,165.97064208984375,167.2665125006067,165.30786924976792,166.97964653177021,49709300
2024-04-11,173.15235900878906,173.56784300454478,166.3465633103838,166.5246149420751,91070300
2024-04-12,174.6460723876953,176.43655077441642,172.33131077483722,172.38075949507746,101670900
2024-04-15,170.8276824951172,174.72519524382946,170.6397290741028,173.46888692512982,73531800
2024-04-16,167.55340576171875,171.88616144450353,166.45537543168857,169.89784277952464,73711200
2024-04-17,166.18826293945312,168.80967890645843,166.18826293945312,167.780901063059,50901200
2024-04-18,165.23861694335938,166.8213684176903,164.75391081370103,166.21794611620325,43122900
2024-04-19,163.22064208984375,164.60553846988037,162.3105651694999,164.41760010663418,68149400
2024-04-22,164.05154418945312,165.45622881020677,162.9930911354229,163.7350029833429,48116400
2024-04-23,165.10012817382812,165.24851961582092,163.14148491226467,163.56685559955991,49537800
2024-04-24,167.19728088378906,167.47426013692973,164.41758653276062,164.74401450706145,48251800
2024-04-25,168.05789184570312,168.77012851479734,166.33665071301928,167.70177351115603,50558300
2024-04-26,167.47425842285156,169.49225225997063,167.35554224826544,168.04800546826704,44838400
2024-04-29,171.62896728515625,174.13168243053624,171.2332869429431,171.5003643815301,68169400
2024-04-30,168.4931640625,173.1029142716877,168.1667209693098,171.46081207960546,65934800
2024-05-01,167.47425842285156,170.84748833564953,167.28630498280754,167.75123767315736,50383100
2024-05-02,171.1640167236328,171.5498103000238,169.04709541575278,170.64962025703286,94214900
2024-05-03,181.40240478515625,184.98336128032037,180.69016817589636,184.63712970012278,163224100
2024-05-06,179.75042724609375,182.21356516877455,178.47433028646978,180.38352481626606,78569700
2024-05-07,180.43296813964844,182.9060078076493,179.36462828599997,181.47164781905605,77305800
2024-05-08,180.76931762695312,181.09576068278213,179.4932206728727,180.87813197889614,45057100
2024-05-09,182.57957458496094,182.6686003878229,180.14609698041687,180.59124108896245,48983000
2024-05-10,181.32156372070312,183.34229448527321,180.4102525825865,183.1540861312051,50759500
2024-05-13,184.5210723876953,185.3333368917867,182.87674310968822,183.68900761377958,72044800
2024-05-14,185.6602020263672,186.52199740854093,184.53096697721375,185.73944844741243,52393600
2024-05-15,187.9285888671875,188.849800179078,185.6007724639543,186.13568203158255,70400000
2024-05-16,188.04745483398438,189.29556710780693,187.86916171755817,188.67151097089564,52845200
2024-05-17,188.0771942138672,189.00832091255782,187.39370695143634,187.72059282106466,41282900
2024-05-20,189.23611450195312,190.10781001398533,187.22528381236822,187.54226949481966,44361300
2024-05-21,190.53375244140625,190.91015403566988,189.11724727296848,189.28564024416437,42309400
2024-05-22,189.0974578857422,190.99934196064652,188.47341681604038,190.45453220558076,34648500
2024-05-23,185.1154022216797,189.1964945447871,184.86776283091424,189.17667916140735,51005900
2024-05-24,188.18612670898438,188.7804673088457,186.26444256610336,187.0370913918068,36327000
2024-05-28,188.196044921875,191.1776178733189,187.31444925751387,189.70168159973719,52280100
2024-05-29,188.49319458007812,190.4346940804733,187.72056087959155,187.81962268312432,53068000
2024-05-30,189.48374938964844,190.365345015264,188.82999288588945,188.95875509095092,49889100
2024-05-31,190.4346923828125,190.7516780595243,188.1167913020161,189.6323431713606,75158300
2024-06-03,192.19790649414062,193.14884852262287,190.7021698304424,191.07857147290113,50080500
2024-06-04,192.514892578125,193.47573474401025,191.20734917579057,192.80214765697744,47471400
2024-06-05,194.0205078125,195.04078090785526,193.02995023528447,193.55494454203196,54156800
2024-06-06,192.6436767578125,194.6446077464091,192.3366062580933,193.84225834657178,41181800
2024-06-07,195.03089904785156,195.08042995429523,192.3068654552658,192.8120444256859,53103900
2024-06-10,191.29649353027344,195.43703247512377,190.33565137548777,195.04080033594326,97010200
2024-06-11,205.19398498535156,205.20390023400174,191.80165814772772,191.82145841561143,172373300
2024-06-12,211.05813598632812,218.12080209568063,204.94638168818946,205.41194501546696,198134300
2024-06-13,212.21707153320312,214.70336573665497,209.60200000148347,212.71235034689784,97862700
2024-06-14,210.4835968017578,213.13828400218216,209.3048308005582,211.83075578674166,70122700
2024-06-17,214.62413024902344,216.88260054537645,210.71143044440285,211.35528688913016,93728300
2024-06-18,212.2666015625,216.56563344094587,210.9887887879192,215.53544497511416,79943300
2024-06-20,207.7001190185547,212.2170745602359,206.87796947703916,211.90998899500866,86172500
2024-06-21,205.53082275390625,209.8892705909824,205.15440599094305,208.40343403997312,241805100
2024-06-24,206.17466735839844,210.69160779538842,204.63929998769706,205.75863496180304,80727000
2024-06-25,207.0959014892578,209.3840873125504,206.64023830581658,207.1751328027417,55549700
2024-06-26,211.23641967773438,212.83121810497767,208.6510635966682,209.5029437835443,66213200
2024-06-27,212.07843017578125,213.70294435668097,210.3449540327298,212.6628556479076,49772700
2024-06-28,208.6312255859375,214.0297763055812,208.3142550307382,213.73260601871965,82542700
2024-07-01,214.70338439941406,215.45620282037203,209.91898882948186,210.08738182701015,60402900
2024-07-02,218.1901397705078,218.29910171758146,213.068958487467,214.10903193760322,58046200
2024-07-03,219.45803833007812,219.45803833007812,216.96182895702523,217.92267103394255,37369800
2024-07-05,224.20281982421875,224.3117817727132,219.55710192478037,219.55710192478037,60412400
2024-07-08,225.66883850097656,225.69855401964364,221.14198303770854,224.94572057418634,59085900
2024-07-09,226.5207061767578,227.23390886254342,224.23252052432466,225.77778797195694,48076100
2024-07-10,230.7801055908203,230.8791673967792,227.0853299721382,227.13486087511765,62627700
2024-07-11,225.42120361328125,230.19568345608255,223.63819688403007,229.2051258414663,64710600
2024-07-12,228.36312866210938,230.4433055423661,226.5206910327904,226.75843028372813,53046500
2024-07-15,232.18673706054688,234.99001738536694,230.88910879003808,234.24709905204858,62631300
2024-07-16,232.60276794433594,234.03907359612094,230.13627381333595,232.78106107648213,43234300
2024-07-17,226.71885681152344,229.27449755440023,224.50000206743292,227.28346685481674,57345900
2024-07-18,222.06321716308594,228.26411801705945,220.17126344980832,228.10562515807683,66034600
2024-07-19,222.19195556640625,224.65844923997824,221.17168252689004,222.697149576551,49151500
2024-07-22,221.8452911376953,225.62921338494564,220.98349573063444,224.86647978572938,48201800
2024-07-23,222.88536071777344,224.7971447504236,220.57735968997056,222.25140445670337,39960300
2024-07-24,216.47647094726562,222.67737176080064,215.07979609138368,221.88492258576645,61777600
2024-07-25,215.43638610839844,218.76466037633443,212.59347540961954,216.86277641061952,51391200
2024-07-26,215.90194702148438,217.41749898154802,213.9703475571551,216.6349499920164,41601300
2024-07-29,216.1792755126953,217.2292640505173,213.71278188189444,214.91136311441508,36311800
2024-07-30,216.7340087890625,218.24956072806748,214.07930652606245,217.1203256536185,41643800
2024-07-31,219.98306274414062,221.70663863761098,218.54675705693774,219.34910640080292,50036300
2024-08-01,216.2981414794922,222.36034868782315,214.9707980252656,222.25138675562792,62501000
2024-08-02,217.7840118408203,223.46981835778237,215.6543188775265,217.0807092384795,105568600
2024-08-05,207.2939910888672,211.484045462397,194.14928763761037,197.21010696314244,119548600
2024-08-06,205.2732696533203,208.00721860156926,199.17144565753833,203.36150053141452,69660500
2024-08-07,207.83880615234375,211.62272838414273,204.441185671316,204.9463646139573,63516400
2024-08-08,211.2958526611328,212.17744837655164,206.8581585633277,211.097744151489,47161100
2024-08-09,214.19818115234375,214.7330756065884,209.96849596255686,210.09727328743648,42201600
2024-08-12,215.72540283203125,217.6889728146819,213.81142108338884,214.27752324509848,38028100
2024-08-13,219.43438720703125,220.04923895369578,217.19312608520667,217.19312608520667,44155300
2024-08-14,219.8806610107422,221.17979111862692,217.8774142480331,218.7402072098891,41960600
2024-08-15,222.8557586669922,223.48053712623224,220.9120118672479,222.7367590108339,46414000
2024-08-16,224.1747283935547,224.94825642777528,221.79462933024135,222.06239369045758,44340200
2024-08-19,224.0160675048828,224.115243980586,221.18970440160442,223.84747960195193,40687800
2024-08-20,224.6309051513672,225.28543353253482,223.57970115675508,223.8970537532744,30299000
2024-08-21,224.52182006835938,226.08871448701353,223.1830285060583,224.64083485973637,34765500
2024-08-22,222.6673583984375,226.44574924370923,222.04257986640772,225.90030886909642,43695300
2024-08-23,224.9581756591797,226.32673228874265,222.46900358067504,223.78797197411373,38677300
2024-08-26,225.29534912109375,225.39452559231563,222.0326490158817,224.87883517993083,30602200
2024-08-27,226.13832092285156,226.95152567852384,223.02437015551794,224.1251624880706,35934600
2024-08-28,224.61106872558594,227.95310672511408,223.8077756875659,226.0291983356657,38052200
2024-08-29,227.88369750976562,230.98773644426686,226.98125820388418,228.19113851748892,51906300
2024-08-30,227.10028076171875,228.48866070475935,225.5928860148415,228.28041127940648,52990800
2024-09-03,220.92196655273438,227.1002799762046,219.33523365285652,226.65401607692846,50190600
2024-09-04,219.01788330078125,219.94016096302124,215.67582978550038,219.82116129878526,43840200
2024-09-05,220.53518676757812,223.60946073514918,219.6823205428289,219.79140861107143,36615400
2024-09-06,218.9881591796875,223.37149053776395,217.94686659835045,222.0921834677133,48423000
2024-09-09,219.07736206054688,219.43437615112032,214.91220775865924,218.9881123209545,67180000
2024-09-10,218.2840118408203,219.6426417511051,214.9320468059923,217.10388142289187,51591000
2024-09-11,220.81285095214844,221.23927647566495,216.0824178921796,219.62280899168329,44587100
2024-09-12,220.92196655273438,221.6954946800681,217.99644195502805,220.65420216028613,37455600
2024-09-13,220.65419006347656,222.18140791181287,220.06908820245332,221.72523244234597,36766600
2024-09-16,214.52548217773438,215.41800999792326,212.14538277021938,214.74364320285497,59357400
2024-09-17,214.9915313720703,215.10061943149995,212.7205355758407,213.96016573653907,45519300
2024-09-18,218.85919189453125,220.86243852013078,215.7353147340035,215.745241460142,59894900
2024-09-19,226.97132873535156,227.91345980340301,222.7665127356472,223.12352684243388,66781300
2024-09-20,226.30690002441406,231.15633305592988,225.7317097608303,228.06222073119503,318679900
2024-09-23,224.59124755859375,227.54652178723228,223.9367191660146,225.4540253555904,54146000
2024-09-24,225.4837646484375,227.44734973367454,223.85737047004787,226.75314473243895,43556100
2024-09-25,224.4920654296875,225.40443143928672,222.16156973744518,223.06400902085235,42308700
2024-09-26,225.63253784179688,226.60440369502516,223.54004142995942,225.41436171300208,36636700
2024-09-27,225.90029907226562,227.6159582791164,225.41437368594384,226.56475422029098,34026000
2024-09-30,231.06710815429688,231.06710815429688,227.74489260649173,228.13165668867202,54541900
2024-10-01,224.3334197998047,227.74486962890148,221.88390914906273,227.6159583693189,63285000
2024-10-02,224.898681640625,225.48378349827837,221.16987922367838,224.0160654907427,32880600
2024-10-03,223.79786682128906,224.92840891217833,221.4673712198949,223.27226484855484,34044200
2024-10-04,224.91851806640625,226.10856009308668,222.27066963907552,226.00938361911108,37245100
2024-10-07,219.85092163085938,223.81773870352313,219.4939074890314,222.63760820325265,39505400
2024-10-08,223.89706420898438,224.10531361949606,221.3979653574062,222.43925780658088,31855700
2024-10-09,227.6357879638672,227.84405251552317,222.96486939830248,223.36154504729694,33591100
2024-10-10,227.13992309570312,227.59611368544336,225.28544108575701,225.89038125247495,28183500
2024-10-11,225.66229248046875,227.5068628874906,225.4540279414576,227.39777482080956,31759200
2024-10-14,229.38119506835938,229.80762063057296,226.70359663127624,226.80275797652766,39882100
2024-10-15,231.91004943847656,235.51985237359267,230.4423162246621,231.67203496624026,64751400
2024-10-16,229.85719299316406,230.19436878170097,227.93328446814013,229.67869350471682,34082200
2024-10-17,230.22412109375,231.91003031839952,228.60765355789445,231.49350124327563,32993800
2024-10-18,233.05047607421875,234.2206797118992,232.0686835146529,234.2206797118992,46431500
2024-10-21,234.5181884765625,234.8851292946414,232.5050303027995,232.5050303027995,36254500
2024-10-22,233.90335083007812,234.26036494372266,230.67040061866737,231.94969236544068,38846600
2024-10-23,228.8456573486328,233.18932661738793,225.87054472777703,232.13812257917175,52287000
2024-10-24,228.65725708007812,228.9051831435476,226.51517225997247,228.0721400698136,31109500
2024-10-25,229.49024963378906,231.2852316353655,227.66551771976023,227.83410560105818,38802300
2024-10-28,231.46376037597656,232.78272881287972,230.62082086290692,231.38443735420992,36087100
2024-10-29,231.7315216064453,232.38605001867157,230.3927299983884,231.1662580738538,35417200
2024-10-30,228.19113159179688,231.53316974412917,227.64569128136466,230.68030356750913,47070900
2024-10-31,224.035888671875,227.92336713292326,223.5003599556127,227.43742665071557,64370100
2024-11-01,221.06077575683594,223.4805363045207,218.44267740554844,219.1368672842602,65276700
2024-11-04,220.16824340820312,220.94177147156717,217.88733586004025,219.15671602208408,44944500
2024-11-05,221.59628295898438,222.0921350198155,219.30544885909725,219.9599772111233,28111300
2024-11-06,220.87237548828125,224.19459083458287,219.35506917081855,220.76328741365683,54561100
2024-11-07,225.59288024902344,225.9895710313294,222.70703236030374,222.7665321945981,42137700
2024-11-08,225.32479858398438,227.0125473442273,224.7787582103861,225.5332770864524,38328800
2024-11-11,222.61448669433594,224.07389700260043,219.90415975706793,223.3789433198207,42005600
2024-11-12,222.61448669433594,223.96468891324545,221.75075962779928,222.93218846295187,40398300
2024-11-13,223.49806213378906,225.01703765642938,221.15506473467502,222.39605879884869,48566200
2024-11-14,226.5757293701172,227.2210402122622,223.3789275067786,223.3987876531247,44923900
2024-11-15,223.37893676757812,225.28510187679902,222.65420045885568,224.76884409236825,47923700
2024-11-18,226.37718200683594,228.08479108540536,223.54770942404784,223.62713486361545,44633700
2024-11-19,226.63531494140625,228.501774994788,225.02699136706502,225.34467799276683,36211800
2024-11-20,227.35012817382812,228.27342054954684,224.26253412411586,226.41689814964724,35169600
2024-11-21,226.8735809326172,228.50176458087773,224.0838286281757,227.230987838277,42108300
2024-11-22,228.2138214111328,229.05770336713667,226.41686457306912,226.41686457306912,38168300
2024-11-25,231.1922149658203,231.56948199204686,228.0847762696763,229.79238523732437,90152800
2024-11-26,233.366455078125,233.87279036398945,231.6489234928732,231.6489234928732,45986200
2024-11-27,233.23736572265625,233.99189975911068,232.12543996222107,232.78068842055708,33498400
2024-11-29,235.62010192871094,236.0966394139658,232.28430923421996,233.11825362062933,28481400
2024-12-02,237.8638153076172,239.0551666028684,235.45133007089746,235.5605381566453,48137100
2024-12-03,240.90176391601562,241.01097200063165,237.17878168890522,238.08222901174219,38861000
2024-12-04,241.25917053222656,242.35125137710352,239.51185632927692,241.12017980186528,44383900
2024-12-05,241.28895568847656,242.77814859306412,240.38552350615552,242.2321233137982,40033900
2024-12-06,241.09042358398438,242.86753577646562,240.33590455772136,241.15992653121054,36870600
2024-12-09,244.97222900390625,245.45870413211114,240.0082527322972,240.08767817050534,44649200
2024-12-10,245.98487854003906,246.4217108653419,243.57237825215392,245.11121388943334,36914800
2024-12-11,244.714111328125,248.9930565140259,244.48575750906295,246.17352158557497,45205800
2024-12-12,246.17352294921875,246.9479020514793,243.9099357862414,245.11122473397327,32777500
2024-12-13,246.34228515625,247.49391610940148,244.46590277835176,246.0345210589055,33155300
2024-12-16,249.23130798339844,249.56886987487528,245.86573275817128,246.20329464964811,51694800
2024-12-17,251.6537322998047,252.0012166921119,247.98039295462073,248.2782345553336,51356400
2024-12-18,246.2628631591797,252.44797328398425,245.95509905753715,250.34325221557475,56774100
2024-12-19,247.99032592773438,250.184410158509,245.3097817058068,245.71683140567848,60882300
2024-12-20,252.65647888183594,253.16279902630112,243.919877297432,246.2529371403228,147495300
2024-12-23,253.4308624267578,253.80811434244586,251.6239676953758,252.93446477293034,40858800
2024-12-24,256.3397216796875,256.34962902881983,253.45066898797964,253.64924013847912,23234700
2024-12-26,257.1537780761719,258.2260137599804,255.77380863027113,256.329771467171,27237100
2024-12-27,253.74853515625,256.836144148833,251.2367643772991,255.97238682838486,42355300
2024-12-30,250.38294982910156,251.67358663649517,248.94339979921563,250.41273247360002,35557500
2024-12-31,248.6157989501953,251.4551941340452,247.63292614272083,250.6212497119267,39480700
2025-01-02,242.0931396484375,247.3053149666319,240.07776640397734,247.1365264348607,55740700
2025-01-03,241.60667419433594,242.42075849453866,240.147263834766,241.60667419433594,40244100
2025-01-06,243.2348175048828,245.54803207697518,241.4477831628316,242.54978641135884,45045600
2025-01-07,240.46493530273438,243.78086767976055,239.6111308132576,241.22937670987722,40856000
2025-01-08,240.95140075683594,241.95413364050106,238.32049944087447,240.17702168463396,37628900
2025-01-10,235.14356994628906,238.4297199246896,231.32130202918376,238.28079154222544,61710900
2025-01-13,232.7112274169922,232.97928640713008,228.06495238182922,231.84750029737077,49630700
2025-01-14,231.5992889404297,234.41882398797216,230.79512716232853,233.05869925952226,39435300
2025-01-15,236.15621948242188,237.2383779015073,232.74100113522098,232.94949481929564,39832000
2025-01-16,226.61546325683594,236.29521800986595,226.38712456587973,235.63998458586752,71759100
2025-01-17,228.32305908203125,230.6164138035219,226.833866130533,230.44764042021458,68488300
2025-01-21,221.03591918945312,222.80309340530198,217.79941234276583,222.38612124582832,98070400
2025-01-22,222.2173614501953,222.5052654056773,218.2064601780486,218.2064601780486,64126500
2025-01-23,222.04859924316406,225.394314538592,220.69839703644928,223.1208199792776,60234800
2025-01-24,221.17491149902344,224.00438385368136,219.81478693461753,223.16050188156166,54697900
2025-01-27,228.2039337158203,230.47742834163907,222.36629236472388,222.40601266103107,94863400
2025-01-28,236.5434112548828,238.45951413038736,229.1470890329199,229.1868093297106,75707600
2025-01-29,237.63546752929688,238.1318651456976,232.3240069742682,232.43321505583046,45486100
2025-01-30,235.8782196044922,239.05516137192973,235.50096771104396,236.95044029141235,55658300
2025-01-31,234.2996826171875,245.40906406001392,231.75812916176676,245.40906406001392,100959800
2025-02-03,226.36724853515625,230.15973381299622,224.0738938399255,228.33299411580026,73063300
2025-02-04,231.12274169921875,231.45036595591674,225.01704170433482,225.61272492539547,45067300
2025-02-05,230.7951202392578,230.99367626573292,226.625383087866,226.88350440739822,39620300
2025-02-06,231.53970336914062,232.11552641696264,228.76979621063217,229.62360070928509,29925300
2025-02-07,225.989990234375,232.31409120281862,225.62264568638093,230.9241838961893,39707200
2025-02-10,226.25833129882812,229.1803610121675,225.81108525741098,228.16660736242451,33115600
2025-02-11,231.1979522705078,233.79199753404617,226.7354100570617,226.80497424991785,53718400
2025-02-12,235.42198181152344,235.5114431570428,229.2698195612854,229.7866449882993,45243300
2025-02-13,240.0535125732422,240.85855857207835,234.1299548746999,235.46175974105878,53614100
2025-02-14,243.10472106933594,244.04891051069433,239.51678905976664,239.77519417214083,40896200
2025-02-18,242.97552490234375,243.6811760890431,240.3615975750387,242.65747382373942,48822500
2025-02-19,243.373046875,244.50607717853558,241.67350900245088,243.16433914739287,32204200
2025-02-20,244.3271942138672,245.27138364211797,242.7966000469895,243.4426355672204,32316900
2025-02-21,244.0489044189453,247.1697083342209,243.72091995824803,244.44645306890683,53197400
2025-02-24,245.58944702148438,247.33868242018207,242.92582237394555,243.43269920852308,51326400
2025-02-25,245.52980041503906,248.47171215983582,243.41283173998391,246.48393846255715,48013300
2025-02-26,238.89064025878906,243.48239258336395,237.66816369812489,242.83637220684057,44433600
2025-02-27,235.84934997558594,240.9778097055873,235.61081167459415,237.94645181292123,41153600
2025-02-28,240.36158752441406,240.61005923211764,228.7927454203557,235.5014815283524,56833400
2025-03-03,236.5749053955078,242.53822699216576,234.6666443044386,240.3119148031628,47184000
2025-03-04,234.4877166748047,238.60242278275774,233.24535811530478,236.25684921580154,53798100
2025-03-05,234.2989044189453,235.10395038542654,227.82869096216822,233.9808533299346,47227600
2025-03-06,233.8914031982422,236.4059358119138,231.73467047090975,233.00684447444675,45170400
2025-03-07,237.60853576660156,239.89446338205195,233.32487071745646,233.67273718007357,46273600
2025-03-10,226.08938598632812,234.71633209649934,222.84932017741133,234.10011191080184,72071200
2025-03-11,219.48995971679688,224.4593937721428,216.1206840338927,222.4418047589131,76137400
2025-03-12,215.65357971191406,220.39442456790263,213.5962416730392,218.7942660196618,62547500
2025-03-13,208.39817810058594,215.5144112677834,207.14588618522245,214.6298526174969,61368300
2025-03-14,212.18490600585938,212.64208545758027,208.2988048386841,209.9585940343847,60107600
2025-03-17,212.69178771972656,213.9043309003415,208.68642489319868,212.00600336087763,48073400
2025-03-18,211.38980102539062,213.83475423543342,210.19713981325924,212.85081593904235,42432400
2025-03-19,213.9241943359375,217.42266485537363,212.44329758558237,212.91042558181826,54385400
2025-03-20,212.79119873046875,216.16047483161037,210.92268644075222,212.68187056105958,48862900
2025-03-21,216.9356689453125,217.50217651661012,209.98839498228966,210.26668206389348,94127800
2025-03-24,219.380615234375,220.12603028720216,217.24376481580705,219.64896889973502,44299500
2025-03-25,222.38218688964844,222.73005335992565,218.73462390108503,219.4204082670252,34493600
2025-03-26,220.17575073242188,223.64442126802376,219.12223310716143,222.1436424317859,34466100
2025-03-27,222.48159790039062,223.61462840697533,219.21170137047196,220.03662935170198,37094800
2025-03-28,216.5679473876953,222.44182255065115,216.34929105853038,220.31490521146458,39818600
2025-03-31,220.7720947265625,224.24075018814546,214.90815310911736,215.6833836525119,65299300
2025-04-01,221.8256072998047,222.31260214779184,217.5618242432653,218.46626491168394,36412700
2025-04-02,222.52133178710938,223.81338775742097,219.66888130946384,219.96705040499884,35905900
2025-04-03,201.94784545898438,206.22156139646,200.01970279192506,204.2834701562562,103419000
2025-04-04,187.2283935546875,198.65809134675584,186.19474282689396,192.70470416765195,125910900
2025-04-07,180.35072326660156,192.96313526897592,173.55252535537636,176.1167553732534,160466300
2025-04-08,171.365966796875,189.17641711488596,168.175598539417,185.55866963100107,120859500
2025-04-09,197.6343994140625,199.38363475051753,170.83920418374143,170.89883496621582,184395900
2025-04-10,189.25592041015625,193.58926741380884,181.88128226075605,187.9141823452429,121880000
2025-04-11,196.9386749267578,198.32017705332044,184.92258644836306,184.96235041538483,87435900
2025-04-14,201.281982421875,211.63828226401768,199.93029560984905,210.14745189040866,101352900
2025-04-15,200.90428161621094,202.26590170954893,198.57859009217825,200.6259945192588,51343900
2025-04-16,193.08238220214844,199.4730666932086,191.19398828729797,197.1473753495745,59732400
2025-04-17,195.7758331298828,197.61452992177487,193.2314851467638,195.9944894564487,52164700
2025-04-21,191.97918701171875,192.6152739871965,188.64966000796989,192.08851517151226,46742500
2025-04-22,198.5189666748047,200.3576482646354,194.77200897005906,194.92108593270402,52976400
2025-04-23,203.34925842285156,206.72846769395255,201.56025903470575,204.7406939661261,52929200
2025-04-24,207.09619140625,207.55338601533765,201.69939326414854,203.63746952607698,47311000
2025-04-25,208.0006103515625,208.46773832051537,204.93943745171498,205.1083963732819,38222300
2025-04-28,208.8553924560547,210.2070792460064,206.1917828448175,208.71624889674396,38743100
2025-04-29,209.91885375976562,210.94255602883885,207.096203506044,207.41425458581946,36827600
2025-04-30,211.20094299316406,212.2743425468257,205.40658118436113,208.02050829648644,52286500
2025-05-01,212.0159454345703,213.2483553954001,207.62295230903422,207.80185982414434,57365700
2025-05-02,204.0946807861328,205.72465469395448,200.92417915168144,204.8301473855031,101010600
2025-05-05,197.6741485595703,202.85230555244996,196.99831280299983,201.85841873478097,69018500
2025-05-06,197.29647827148438,199.42339557924856,195.81559653234874,196.99832434112832,51216500
2025-05-07,195.05027770996094,198.22077891807172,192.0686174137577,197.95242524507105,68536700
2025-05-08,196.28271484375,198.82706269335065,193.48988012199126,196.51130456752412,50478900
2025-05-09,197.31634521484375,199.31405222350435,196.3323918231404,197.7834732241415,36453900
2025-05-12,209.77613830566406,210.25384054136518,205.75557652693038,209.95528044040137,63775800
2025-05-13,211.9058380126953,212.3735786127325,207.99474788922345,209.4178625594749,51909300
2025-05-14,211.30873107910156,212.91098786371114,209.56714827780408,211.40824098508043,49325800
2025-05-15,210.43296813964844,211.93571508448807,208.53215118256114,209.9353730316401,45029500
2025-05-16,210.24388122558594,211.54759317457453,208.76105751069144,211.33859654598928,54737900
2025-05-19,207.7758026123047,208.47243269467637,203.2775387890809,206.90999202317107,46140500
2025-05-20,205.86505126953125,207.4673081447902,204.04385132917625,206.6711529249315,42496600
2025-05-21,201.11798095703125,206.04416933851562,199.74462882701684,204.1831685508297,59211800
2025-05-22,200.39146423339844,201.77477776205794,198.73944514582104,199.7445967906866,46742400
2025-05-23,194.33079528808594,196.74910019358438,192.5295034494263,192.7384848883374,78432900
2025-05-27,199.24703979492188,199.77448939448533,196.4803970243206,197.34622283817185,56288500
2025-05-28,199.4560089111328,201.75489573800118,198.9385057789635,199.6251894151235,45339700
2025-05-29,198.98828125,202.82971610271787,197.55520490499057,202.60082660426147,51396800
2025-05-30,199.8839569091797,200.98861863398105,195.8335255231089,198.41106448584634,70819900
2025-06-02,200.7298583984375,201.15779807678393,199.15745607510846,199.31669015009302,35423300
2025-06-03,202.2923126220703,202.78990771325485,199.99342573046133,200.38154929416936,46381600
2025-06-04,201.844482421875,205.24803106286797,201.12794426741362,201.93404589483336,43604000
2025-06-05,199.66500854492188,203.76518718349973,199.18730633012683,202.52119947175674,55126100
2025-06-06,202.93917846679688,204.7106157617459,201.07817770068002,202.0236053289331,46607700
2025-06-09,200.48106384277344,205.0091823144686,199.05794913802782,203.40692547634254,72862600
2025-06-10,201.69517517089844,203.36710243054736,199.60528507808198,199.63513956616538,54672600
2025-06-11,197.82388305664062,203.51637153393742,197.4556675860525,202.52118145308685,60989900
2025-06-12,198.24188232421875,198.71956936233477,196.4107360236097,198.12246436103902,43904600
2025-06-13,195.50511169433594,199.40625545491926,194.7587190445596,198.769334334526,51447300
2025-06-16,197.46563720703125,197.73434281232372,195.61458283187793,196.3510290449251,43020700
2025-06-17,194.69898986816406,197.43576263348734,194.27106541566712,196.2514839890114,38856200
2025-06-18,195.6344757080078,196.6197193940347,194.13174409281177,194.9975546383106,45394700
2025-06-20,200.033203125,200.7298331336299,195.91311686208,197.28648401151844,96813500
2025-06-23,200.53082275390625,201.3269779408771,198.00304635957568,200.6602023375907,55814300
2025-06-24,199.3365936279297,202.46149014710028,199.23706853700068,201.61557243039425,54064000
2025-06-25,200.5905303955078,202.690382284235,199.65504919597097,200.48105886821313,39525700
2025-06-26,200.033203125,201.66531422467375,198.50061710601423,200.46112756408863,50799100
2025-06-27,200.1128387451172,202.24254507531293,199.03803155248616,200.91894034324127,73188600
2025-06-30,204.18316650390625,206.39248990855162,198.3015889216639,201.03836190454115,91912800
2025-07-01,206.82041931152344,209.17901505124104,205.1484920031366,205.6759415551798,78788900
2025-07-02,211.41819763183594,212.3138626915596,207.13887695509675,207.90517762155153,67941800
2025-07-03,212.5228729248047,213.61757304735917,210.79123648824356,211.12959751601144,34955800
2025-07-07,208.94017028808594,215.18996325511674,207.79570768244494,211.65703516300363,50229000
2025-07-08,208.99989318847656,210.41306148236814,207.44739887083225,209.08947184941582,42848900
2025-07-09,210.1244659423828,210.31355451699514,206.22332203726856,208.52220905408606,48749400
2025-07-10,211.38833618164062,212.45318170934252,209.01977884626095,209.49746585002458,44443600
2025-07-11,210.14434814453125,211.1096837700706,208.85059795908091,209.55718962168862,39765800
2025-07-14,207.61656188964844,209.89555581124029,206.54175471753558,208.92025854176603,38840100
2025-07-15,208.10423278808594,210.8708604550018,207.915144211828,208.2137043224775,42296300
2025-07-16,209.14918518066406,211.37840160704656,207.63649175890595,209.28851120731298,47490500
2025-07-17,209.0098419189453,210.78127919114968,208.58190225319882,209.5571995447156,48068100
2025-07-18,210.16424560546875,210.77131219576944,208.69136845628208,209.85573909301036,48974600
2025-07-21,211.45799255371094,214.74212298846783,210.61209006251647,211.07983063398711,51377400
2025-07-22,213.3687744140625,213.91613206526756,211.20921348603295,212.11484021935428,46404100
2025-07-23,213.11997985839844,214.11517007989065,211.38835859165647,213.96589762082587,46989300
2025-07-24,212.73182678222656,214.65255153978734,212.5029373149323,212.87115278650074,46022600
2025-07-25,212.8512725830078,214.2047317845148,212.37357038101962,213.6673206036272,40268800
2025-07-28,213.02047729492188,213.8166325366559,212.03523347491873,213.000569237894,37858000
2025-07-29,210.2538299560547,213.7767964509494,209.80599741985404,213.14982178903043,51411700
2025-07-30,208.04449462890625,211.36842593737322,206.72088996610802,210.88077731884883,45512500
2025-07-31,206.57164001464844,208.83071086700429,206.1636083824018,207.4872131893059,80698400
2025-08-01,201.40660095214844,212.5527283441607,200.530828701964,209.8557561748323,104434500
2025-08-04,202.37193298339844,206.88014336875773,200.70995198839026,203.52634207300898,75109300
2025-08-05,201.94398498535156,204.35234334482283,201.18764593221573,202.42167200915333,44155100
2025-08-06,212.2243194580078,214.34407953630614,204.60115854716602,204.64097466073486,108483100
2025-08-07,218.97169494628906,219.78775818606874,215.53829184895108,217.82723230897543,90224800
2025-08-08,228.2468719482422,229.88892965735022,218.19544514014734,219.76784743364436,113854000
2025-08-11,226.3438720703125,228.71511750604432,223.9327805410339,227.08115402328403,61806100
2025-08-12,228.80479431152344,229.95057099439725,226.23430307406312,227.17083074525974,55626200
2025-08-13,232.47125244140625,234.1351043372746,229.58191650034667,230.2195756343437,69878500
2025-08-14,231.92327880859375,234.25466305951576,230.0003892485326,233.1985666998313,51916300
2025-08-15,230.73764038085938,233.41774239633352,228.49592139875156,233.13877413921495,56038700
2025-08-18,230.0402374267578,232.26202593201924,229.26310933608104,230.8472538899505,37476200
2025-08-19,229.71144104003906,232.01293684851592,228.50590285589897,230.4287923573085,39402600
2025-08-20,225.17819213867188,229.6217843388592,224.93908515924198,229.13358225147155,42263900
2025-08-21,224.07228088378906,225.68632903786573,222.9564077521854,225.43724912794482,30621200
2025-08-22,226.9217529296875,228.2468598588307,224.58041092619504,225.33760837029214,42477800
2025-08-25,226.32395935058594,228.45608264282492,225.3973742361901,225.64645413109014,30983100
2025-08-26,228.46604919433594,228.6453946309622,223.86305742355088,226.03502689374838,54575100
2025-08-27,229.64170837402344,230.05018785299507,227.41990473660533,227.76862267507164,31259500
2025-08-28,231.7041015625,232.55097936868034,228.49595098757067,229.97051505486425,38074700
2025-08-29,231.28562927246094,232.52107103838586,230.51845893056873,231.65426265633033,39418400
2025-09-02,228.8745574951172,230.00040359535532,226.13467838242784,228.4062860305561,44075600
2025-09-03,237.59234619140625,237.9709525201245,233.49747185558658,236.33698891571112,66427800
2025-09-04,238.8975067138672,239.0170601981439,235.8687018920251,237.57239985348932,47549400
2025-09-05,238.80784606933594,240.43185187342493,237.61226559630578,239.1167027112504,54870400
2025-09-08,237.0045166015625,239.2661511981365,235.47017586985078,238.41928864081726,48999500
2025-09-09,233.4875030517578,237.90119155812317,232.5011411802574,236.12774389612645,66313900
2025-09-10,225.955322265625,231.56460664903227,225.118417424808,231.33545739080094,83440800
2025-09-11,229.1833953857422,229.60184779162614,225.81583028738913,226.04499474029723,50208600
2025-09-12,233.2085418701172,233.6469097348115,228.17712472443904,228.37638560886936,55824200
2025-09-15,235.82884216308594,237.31336381412066,234.16499028444412,236.1277410783948,42699500
2025-09-16,237.2735137939453,240.33222235518573,235.45026224943368,236.30708253667353,63421100
2025-09-17,238.1104278564453,239.21634322602875,236.85505542454314,238.09049720761,46508000
2025-09-18,237.0045166015625,240.31228984200703,235.77903252032195,239.08682096339746,44249600
2025-09-19,244.59645080566406,245.3935094903633,239.32592704772566,240.342162048153,163741300
2025-09-22,255.13751220703125,255.69547916115815,247.2068166293636,247.38616206443075,105517400
2025-09-23,253.49359130859375,256.3928850249964,252.64672876089196,254.9382669065294,60275200
2025-09-24,251.3813934326172,254.7987775332095,250.11606329601622,254.28068708944184,42303700
2025-09-25,255.9246063232422,256.22352044118514,250.7836088309123,252.27808820484515,55202100
2025-09-26,254.51980590820312,256.6519291955366,252.84598111295833,253.16481067495934,46076300
2025-09-29,253.49359130859375,254.06150078407975,252.07881928540593,253.62311772285494,40127700
2025-09-30,253.69287109375,254.97811672142575,252.17846100632588,253.92202035086734,37704300
2025-10-01,254.50985717773438,257.8375764362911,253.99176669154556,254.10136246357334,48713900
2025-10-02,256.18365478515625,257.229778167004,253.21461153357077,255.63566078088252,42630200
2025-10-03,257.07037353515625,258.2858846694617,253.01536064819075,253.73271197999827,49155600
2025-10-06,255.74526977539062,258.11651518827176,254.11130630837613,257.0404730386864,44664100
2025-10-07,255.53607177734375,256.45266881763376,254.48991791397023,255.86484387966763,31955800
2025-10-08,257.1102600097656,257.5685585594684,255.16742442767125,255.57591915435188,36496900
2025-10-09,253.1050262451172,257.0504585775582,252.2083446799687,256.8611554198282,38322000
2025-10-10,244.3673095703125,255.436420799504,243.10197943699816,254.00171816056968,61999100
2025-10-13,246.74851989746094,248.7710475029622,244.6562426215344,248.46219085423505,38142900
2025-10-14,246.8581085205078,247.93413549962378,243.79940008876653,245.69241642712313,35478000
2025-10-15,248.42233276367188,250.89321639065437,246.559219921403,248.57178982967116,33893600
2025-10-16,246.53929138183594,248.1234359576197,244.22783772705108,247.33635013275978,39777000
2025-10-17,251.36146545410156,252.44746537322095,246.35995200283696,247.10719170360767,49147000
2025-10-20,261.27484130859375,263.4069798400544,254.68918336894043,254.94822099113512,90483000
2025-10-21,261.8028564453125,264.313600971564,260.8663137101643,260.916147926868,46695900
2025-10-22,257.4988098144531,261.882609922878,254.4899051977633,261.6833338430701,45015300
2025-10-23,258.6246032714844,259.66078406832133,257.06040475940137,258.98329410338334,32754900
2025-10-24,261.8527526855469,263.1579290692685,258.2261343576155,260.2287466983284,38253700
2025-10-27,267.8206787109375,268.1295353654346,263.67598537979285,263.90514984178776,44888200
2025-10-28,268.0099792480469,268.89671830922975,267.1631014853557,268.00000632210845,41534800
2025-10-29,268.7073974609375,270.4110953948544,266.1269030442272,268.28892986747474,51086700
2025-10-30,270.401123046875,273.1310593223432,267.49188695276854,270.98894793982623,69886500
2025-10-31,269.37493896484375,276.29937269597025,268.16940070155243,275.9705701844509,86167100
2025-11-03,268.05975341796875,269.8531467885877,265.2700709373508,269.424736694289,50194600
2025-11-04,269.0461730957031,270.49081837885313,266.6350661079627,267.3424445625432,49274800
2025-11-05,269.14581298828125,270.7000692568828,265.94760492323326,267.6214146886098,43683100
2025-11-06,268.7771301269531,272.3937751745226,266.90407480138714,266.90407480138714,51204000
2025-11-07,267.48193359375,271.2878818962731,265.7881780523408,268.80702532983145,48227400
2025-11-10,268.6986083984375,272.9869540449525,266.7339548671466,268.22988302493957,41312400
2025-11-11,274.5028076171875,275.16101963639426,269.0675899882029,269.07757258136417,46208300
2025-11-12,272.7276306152344,274.9815052844664,270.9624464716027,274.25347600982695,48398000
2025-11-13,272.2090759277344,275.9488963676571,271.3513946141157,273.36590026791555,49602800
2025-11-14,271.6705017089844,275.21085247368256,268.8681323529343,270.31417782757546,47431300
2025-11-17,266.73394775390625,269.7557213346742,265.00866346949266,268.09027174019775,45018300
2025-11-18,266.71405029296875,269.9751630894399,264.59980979362433,269.25711627506445,45677300
2025-11-19,267.8309631347656,271.47104873805114,264.77927226211665,264.80918960656476,40424500
2025-11-20,265.5272521972656,274.68232536305425,265.1981613886433,270.09480618650156,45823600
2025-11-21,270.75299072265625,272.5879921198442,264.9488130991126,265.2280517805383,59030800
2025-11-24,275.1710205078125,276.24807542504453,270.164627965921,270.164627965921,65585800
2025-11-25,276.2181701660156,279.6189174225992,274.50283786370125,274.52277261748515,46914200
2025-11-26,276.79656982421875,278.7712060098946,275.8790842359358,276.2081750495132,33431400
2025-11-28,278.0930480957031,278.242634823177,275.2407959413455,276.50736791500816,20135600
2025-12-01,282.3315124511719,282.65065109438723,275.3904143522869,277.2553332443013,46587700
2025-12-02,285.4131164550781,286.619823290159,281.86278279875575,282.231773534172,53669500
2025-12-03,283.378662109375,287.8365294074879,282.5309633672564,285.4231155973949,43538700
2025-12-04,279.9380187988281,283.95707766942763,277.83373081751637,283.3287830094401,43989100
2025-12-05,278.02325439453125,280.37686403379615,277.29522501275557,279.77848663840757,47265800
2025-12-08,277.1356506347656,278.9108174051644,275.4003533668138,277.374989388386,38211800
2025-12-09,276.4275817871094,279.2698514894354,276.16830825817004,277.40493251311347,32193300
2025-12-10,278.02325439453125,278.9906225605669,275.6896099437804,276.99605153243056,33038300
2025-12-11,277.2752685546875,278.8310314000742,273.0667227973629,278.34237127554803,33248000
2025-12-12,277.5246276855469,278.46207855775873,276.06859927253834,277.1456542987284,39532900
2025-12-15,273.3658752441406,279.3894873363706,272.0993337942639,279.3894873363706,50409100
2025-12-16,273.8645324707031,274.752131096348,271.0522107383373,272.07941349564567,37648600
2025-12-17,271.10205078125,275.41033087528734,270.9026119684932,274.2634587890498,50138700
2025-12-18,271.4511413574219,272.88723490520505,266.22537510199504,272.8672697170699,51630700
2025-12-19,272.9271240234375,273.8545921928022,269.1673383776201,271.4112306527045,144632000
2025-12-22,270.23443603515625,273.13654030849926,269.7756932559407,272.1192896847017,36571800
2025-12-23,271.62066650390625,271.7603010837797,268.8282792538215,270.1048034873943,29642000
2025-12-24,273.06671142578125,274.6823088952694,271.46109654935304,271.60070067851706,17910600
2025-12-26,272.6578063964844,274.6224597374741,272.11926379011726,273.4157529954652,21521800
2025-12-29,273.0168762207031,273.61522314661676,271.6107000753325,271.9497734782625,23715200
2025-12-30,272.33868408203125,273.3359694836473,271.54086793463244,272.06942798009953,22139600
2025-12-31,271.12200927734375,272.9370761103812,271.0123224859311,272.3187639976345,27293600
2026-01-02,270.2743225097656,277.0857683126949,268.2697691424855,271.52092924369913,37838100
2026-01-05,266.5345153808594,270.7729784841199,265.41756056202854,269.9053450243044,45647200
2026-01-06,261.6477966308594,266.82371056256306,261.40845786144683,266.27521573774703,52352100
2026-01-07,259.623291015625,262.964203143993,259.1047135716701,262.48552563718374,48309800
2026-01-08,258.3368225097656,258.58614386359903,255.00587765735156,256.3222864925608,50419300
2026-01-09,258.6659240722656,259.5036402038468,255.52448097015204,258.3767027680543,39997000
2026-01-12,259.54351806640625,260.5906555331263,256.1028713590674,258.45648066308013,45263800
2026-01-13,260.3413391113281,261.0992857475004,257.6885867541948,258.0176775418968,45730800
2026-01-14,259.25433349609375,261.10930037675524,256.0131555781144,258.78560808748875,40019400
2026-01-15,257.5090637207031,260.3313985459844,256.35220896361545,259.9424426175537,39388600
2026-01-16,254.8363494873047,258.1971965798445,254.23797213114116,257.1999111311508,72142800
2026-01-20,246.0303192138672,254.09835490933511,242.75922413209136,252.04394930256512,80267500
2026-01-21,246.97775268554688,250.8771427168815,244.51445623630568,248.02490552393743,54641700
2026-01-22,247.67584228515625,250.31864258405668,247.47637302553753,248.52352576906395,39708300
2026-01-23,247.36668395996094,248.7329754164565,244.01580413580567,246.6486524137701,41689000
2026-01-26,254.7166748046875,255.86354695988197,249.12190294519746,250.7973351598156,55969200
2026-01-27,257.5688781738281,261.23891141767155,257.50904348719195,258.4664593428383,49648300
2026-01-28,255.743896484375,258.15731035497566,253.8191275531099,256.95060341967536,41288000
2026-01-29,257.5788879394531,258.94516415300217,253.7193980705993,257.29964922744847,67253000
2026-01-30,258.775634765625,261.1890484668085,251.49543285360957,254.47732177254832,92443400
2026-02-02,269.2770690917969,269.7557466562268,258.50636737104884,259.3241487899344,73913400
2026-02-03,268.7485046386719,271.1419837262723,266.88355520832346,268.4692659190308,64394700
2026-02-04,275.7394104003906,278.19275421850585,271.55083028665655,271.55083028665655,90545700
2026-02-05,275.1610412597656,278.7412924914769,272.48832346973,277.37501624935936,52977400
2026-02-06,277.364990234375,280.1474248180158,276.1782182606431,276.3677049075235,50453400
2026-02-09,274.13079833984375,277.70443813431814,271.2160169672847,277.41494619870406,44623400
2026-02-10,273.19244384765625,274.87943562430115,272.4537718732244,274.40031021957236,34376900
2026-02-11,275.00921630859375,279.6808719096702,273.9610989943363,274.2106536370846,51931300
2026-02-12,261.2637634277344,275.22883180172755,259.71650632997444,275.0990585104662,81077200
2026-02-13,255.32435607910156,261.7628783299504,254.9949421084194,261.5432690161623,56290700
2026-02-17,263.4099426269531,265.8156532326085,255.08478749757862,257.5903108294174,58469100
2026-02-18,263.8791198730469,266.3447212846438,261.9825104325609,263.13045584681157,34203300
2026-02-19,260.11578369140625,264.00886051677537,259.5867290635135,262.13220471573277,30845300
2026-02-20,264.1086730957031,264.2783836675007,257.7001265171608,258.50868117461044,42070500
2026-02-23,265.705810546875,268.95002088588865,262.91081074777924,263.0206001676805,37308200
2026-02-24,271.6552429199219,274.4003442568012,267.233111068832,267.38283777638213,47014600
2026-02-25,273.74151611328125,274.45024283739696,270.567157599074,271.29586819299504,33714300
2026-02-26,272.4637756347656,275.61811956353745,270.31758130113775,274.4602128097023,32345100
2026-02-27,263.70941162109375,272.3240439665745,262.4217314181026,272.3240439665745,72366500
2026-03-02,264.2484130859375,266.05518620599753,259.73647625260065,261.94253069595567,41827900
2026-03-03,263.2801818847656,265.08695529305965,259.6666350681776,263.0106738027697,38568900
2026-03-04,262.0523376464844,265.67587606267574,260.95432154975975,264.17854815272653,39803100
2026-03-05,259.8263244628906,261.09405110124777,256.79173142961054,260.3254337562426,49658600
2026-03-06,257.0013427734375,258.3090066542827,253.916851068475,258.16927189629365,41120000
2026-03-09,259.41705322265625,260.68477987096253,253.22808575123491,255.2345148744848,38218500
2026-03-10,260.3653564453125,262.01244158439727,256.4922936817907,257.19102845716964,30590800
2026-03-11,260.34539794921875,261.6630538494394,259.08763272962494,260.624897946549,26218900
2026-03-12,255.3043975830078,258.48873275942157,253.7272102811576,258.1992408199258,40794000
2026-03-13,249.6744384765625,255.87336762960538,249.07551643845036,255.024890934378,36930000
2026-03-16,252.36964416503906,253.43773019062647,249.4348789230203,251.66090222791988,32074200
2026-03-17,253.77711486816406,254.67552076289968,251.7307636559193,252.5093881906664,32361600
2026-03-18,249.49476623535156,254.48585937367065,248.55643828829037,252.1799767808244,35757900
2026-03-19,248.5165252685547,251.38140795985734,246.85947863088072,248.95572868612365,34864100
2026-03-20,247.54823303222656,248.75606899357115,245.56177255944445,247.53824109812177,88331100
2026-03-23,251.04200744628906,254.14646797882926,249.83415620831627,253.51758537106093,40546100
2026-03-24,251.1917266845703,254.37604644028636,249.10545347620703,249.90403139868116,45152300
2026-03-25,252.16998291015625,254.5457480998694,251.15181088451408,253.6473574345128,28476700
2026-03-26,252.43951416015625,256.5421934269488,250.32329549316128,251.67088153367666,41796700
2026-03-27,248.35679626464844,255.03488128462607,247.6281009352486,253.4477020992108,47900000
2026-03-30,246.19065856933594,250.4230956915925,245.07264337813007,249.62453299565456,39446200
2026-03-31,253.33790588378906,255.02489784868362,246.65983587287727,247.4683905467953,49598100
2026-04-01,255.1746368408203,255.72364490973627,252.8787309132899,253.6273948962928,40059400
2026-04-02,255.464111328125,255.6737439434535,250.20349485503914,253.74717405681358,31289400
2026-04-06,258.39886474609375,261.6930045642991,256.0031460821725,256.0530752925303,29329900
2026-04-07,253.0484161376953,255.7436185540334,245.2623079794448,255.70368128016966,62148000
2026-04-08,258.4388122558594,259.28730423338584,256.07303883918246,257.9896321241455,41032800
2026-04-09,260.0259704589844,260.6548530924392,255.61386101634736,258.5386343954405,28121600
2026-04-10,260.0159912109375,261.7229364827484,258.5585701252562,259.5168819122501,31291500
2026-04-13,258.73828125,259.71651601158027,256.2027973984465,259.2673359057164,36234700
2026-04-14,258.3689270019531,261.4634109961452,256.7318642110386,258.7881922504944,48370700
2026-04-15,265.95538330078125,266.08515659729386,257.35074355126085,257.7001261657452,49913500
2026-04-16,262.9307861328125,266.68409800240715,260.80457553569033,266.3247234477873,43323100
2026-04-17,269.7486267089844,271.8149160854778,266.24486962975914,266.4844323486072,61436200
2026-04-20,272.5635681152344,273.7913879220191,269.80850557942483,269.84841238867654,36590200
2026-04-21,265.69586181640625,272.3140256362382,264.9272139873882,271.0163536236942,50209800
2026-04-22,272.68341064453125,273.2523721409737,266.39461467279705,267.3429346055621,43249200
2026-04-23,272.9429016113281,275.2787294551341,271.1660737405759,274.56001085217736,33399600
2026-04-24,270.5771179199219,272.5735550213531,269.16962610782736,272.2741016414235,38157100
2026-04-27,267.1332702636719,267.88193422863776,264.59781690250213,265.6159889280984,41466800
2026-04-28,270.2277526855469,272.7432830913257,268.181416710472,271.8548539018017,40018900
2026-04-29,269.688720703125,270.55716597281076,266.56429174844374,267.07336249706583,30047900
2026-04-30,270.86663818359375,275.50834883767226,267.6623648300734,270.018146234023,91848200
2026-05-01,279.6409912109375,286.70836594964845,277.8741246788477,278.3632420760759,79915400
2026-05-04,276.3368225097656,280.13007120517506,274.3703307853319,279.16179801165765,46668400
2026-05-05,283.67376708984375,284.0630869835518,276.00745521106614,276.43668191704,49311700
2026-05-06,286.99786376953125,287.5169265187869,280.5693330033821,281.4178249779708,58336100
2026-05-07,286.927978515625,291.6096265406606,285.2709318587503,288.75470528792926,45224300
2026-05-08,292.7974853515625,294.2349225642168,289.48339230776435,289.49338424193445,52692800
2026-05-11,292.42779541015625,293.6267735875138,289.979924827367,291.72841688276577,42247300
2026-05-12,294.54595947265625,295.0155556946294,292.3078994315659,292.3078994315659,45748100
2026-05-13,298.6124572753906,300.6607090744109,293.24708951115105,293.24708951115105,52684300
2026-05-14,297.9530334472656,300.1911240450107,295.12548538387824,299.5616620172475,35324900
2026-05-15,299.9713134765625,302.93875555297063,296.26448829773227,297.643304079477,54862800
2026-05-18,297.5833435058594,300.4009207908792,294.6558756451712,299.98126929450746,34483000
2026-05-19,298.7123718261719,300.2510533099592,296.09463441963413,296.7140952726279,42243600
2026-05-20,301.98956298828125,302.5390768782648,297.82314269813475,297.9230626302997,38229800
2026-05-21,304.7271728515625,305.27671719779084,300.1411318265125,300.80056674721834,42965100
2026-05-22,308.55389404296875,311.13165741506583,305.57645096183757,305.85620846339293,43670200
2026-05-26,308.0643005371094,311.5513139598484,307.4048960873393,309.29325163060713,48000500
2026-05-27,310.5821533203125,312.9900803339556,308.0343323058515,308.0643052358437,50430900
2026-05-28,312.24072265625,312.5304508120942,309.30325358892543,310.412282475935,48220400
2026-05-29,311.7911071777344,314.7285763294451,309.2632884033746,311.5113496628706,70026800
2026-06-01,306.0460510253906,310.67206624496237,304.7571540774977,309.363197507879,48849900
2026-06-02,314.92840576171875,315.1781903378333,306.42572903356995,307.1950545511415,44534700
2026-06-03,309.9926452636719,316.6668815001487,308.5838566628498,313.9092501546009,50836700
2026-06-04,310.9618225097656,313.26982953176514,309.38316692864953,312.96009909963743,44869100
2026-06-05,307.0751647949219,314.8984348439246,306.8853260765596,312.5903972939029,65310500
2026-06-08,301.2801818847656,317.1265012321255,300.9105055796523,308.4739595974908,77949100
2026-06-09,290.29962158203125,300.4908444635933,287.5320194610898,300.0212482417878,70108800
2026-06-10,291.3287353515625,294.4960172141002,287.1323727394638,290.4894628291428,52793300
2026-06-11,295.375244140625,296.7440586571729,289.3404406054596,293.4668864344149,42572500
2026-06-12,290.879150390625,296.88398158337014,289.3704417369658,295.7749221682621,38742100
2026-06-15,296.1645812988281,297.5233947188816,291.4486474146935,293.8665449684006,45732600
2026-06-16,298.9821472167969,300.2210994929347,293.71669913987887,294.99559499590845,39874400
2026-06-17,295.6949768066406,301.8096980081642,294.10632015937927,300.59074812548096,42745100
2026-06-18,297.7532043457031,300.31099586682666,295.3652492546472,297.8530937792582,85962200
2026-06-22,296.75408935546875,302.1594314563154,296.5043047694293,297.05381866220307,44879900
2026-06-23,294.04638671875,301.3800886038737,293.9264950024863,297.2836155142734,52010900
2026-06-24,292.8274230957031,299.4417438827621,292.68755959702736,295.1054570720635,53081900
2026-06-25,274.91290283203125,288.55113481081804,273.5141152813601,287.1523472601469,107013700
2026-06-26,283.53546142578125,285.70360492137456,273.9737007161028,274.7630284991681,261775500
2026-06-29,281.4972229003906,288.12151489662153,279.6088673150861,286.4829438934296,66427000
2026-06-30,289.11065673828125,289.69017405322865,280.45814550695326,280.9277417485351,65100200
2026-07-01,294.1263427734375,296.33442991747245,288.95081360688545,293.1871503157195,50164200
2026-07-02,308.3640441894531,309.15337194761725,293.4269150966668,293.866538367699,75352800
2026-07-06,312.3905944824219,313.9292760509671,306.7354678654279,307.0951430290638,53590000
2026-07-07,310.3923034667969,315.20815732134815,309.88273318392555,315.0183186077797,42490000
2026-07-08,313.1199645996094,314.5487250421545,306.7854009831778,311.6412289475945,41323500
2026-07-09,315.947509765625,316.2572401947346,307.8944576262147,310.24243869469103,48124500
2026-07-10,315.0483093261719,316.6369356310425,311.9010296470402,314.4488202226986,34132300
2026-07-13,317.03656005859375,323.171283634363,315.5078797345754,316.7468014245228,43257800
2026-07-14,314.58868408203125,315.91755515351207,311.64124426456783,313.48965629761443,36336800
2026-07-15,327.2178039550781,328.44675508114506,317.0465830462295,317.34631234952286,60957600
2026-07-16,332.97283935546875,334.3915986652446,326.50841333986017,327.72736328456057,62970600
2026-07-17,333.452392578125,334.7013154010385,328.71648699084636,331.693929977533,63407100
2026-07-20,326.3085632324219,333.4224228207836,323.4010672140761,333.2226134619852,53468000
2026-07-21,327.45758056640625,329.3159936819017,321.94234806189104,322.85156758462244,41338900
2026-07-22,325.60919189453125,328.7164973399543,323.0613709608057,327.58746619388995,38755900
2026-07-23,321.3828430175781,323.0214140443725,319.0748358849152,321.4527900194849,40840800
2026-07-24,332.7330322265625,334.0818750563203,321.3428614810286,321.5127284115298,47489400
2026-07-27,336.61968994140625,339.277401491225,333.73216560461384,334.2517370375488,49604300
2026-07-28,339.78692626953125,342.59453283396704,335.31080637618777,339.73698155301014,51859000
2026-07-29,337.8985900878906,344.2730974331505,337.0593175600121,339.43727163464206,56090800
2026-07-30,333.1426696777344,334.4615395264105,329.30598233808786,332.8129674612056,74817800
2026-07-31,308.6438293457031,310.4222943774597,299.7415030462749,304.54735603914753,132489100
2026-08-03,303.1585693359375,311.5313230344714,302.29929450581176,309.313234694189,75052000
2026-08-04,309.1134033203125,310.1525156602479,301.0603512911937,302.46913991298527,68001000
2026-08-05,310.7320251464844,311.4414048335362,305.40663118634393,309.09342362565195,49438800
2026-08-06,312.14080810546875,316.0174696892129,308.96355554648414,314.06913775686996,46139900
2026-08-07,313.05999755859375,314.53873325457766,310.47223295908327,311.1816431226555,34437200
2026-08-10,308.260009765625,308.260009765625,304.6099853515625,306.8299865722656,44812500
2026-08-11,304.9100036621094,309.9700012207031,302.7900085449219,307.75,37476700
2026-08-12,302.25,305.6600036621094,300.57000732421875,305.1000061035156,41657800
2026-08-13,305.260009765625,306.0,302.04998779296875,304.2099914550781,40349300
2026-08-14,305.92999267578125,307.489990234375,304.29998779296875,306.0,28229400
2026-08-17,305.5899963378906,307.6600036621094,302.94000244140625,306.2099914550781,38169300
2026-08-18,310.0299987792969,311.489990234375,305.739990234375,307.5799865722656,53424500
2026-08-19,316.8299865722656,319.2799987792969,309.6000061035156,310.1400146484375,50505600
2026-08-20,311.29998779296875,320.2799987792969,310.6499938964844,317.4599914550781,40959200
2026-08-21,309.3500061035156,312.3800048828125,307.010009765625,312.04998779296875,46876800
2026-08-24,310.3399963378906,313.3599853515625,309.9700012207031,311.4700012207031,34673600
2026-08-25,309.8999938964844,313.5899963378906,308.2099914550781,310.7900085449219,25869800
2026-08-26,313.45001220703125,315.42999267578125,308.79998779296875,310.29998779296875,33897800
