Date,Close,High,Low,Open,Volume
2021-09-02,21.549999237060547,22.315000534057617,21.219999313354492,21.260000228881836,326000
2021-09-03,21.690000534057617,22.479999542236328,21.40999984741211,21.6200008392334,189000
2021-09-07,21.040000915527344,22.229999542236328,21.010000228881836,21.799999237060547,282600
2021-09-08,20.219999313354492,21.420000076293945,20.079999923706055,21.139999389648438,289200
2021-09-09,20.100000381469727,20.780000686645508,19.899999618530273,20.139999389648438,219900
2021-09-10,19.90999984741211,20.406999588012695,19.65999984741211,20.200000762939453,244700
2021-09-13,20.709999084472656,21.1200008392334,19.219999313354492,19.899999618530273,403900
2021-09-14,19.969999313354492,21.399999618530273,19.739999771118164,20.969999313354492,242300
2021-09-15,20.709999084472656,20.809999465942383,19.3700008392334,19.950000762939453,197800
2021-09-16,21.6299991607666,21.679000854492188,20.290000915527344,20.559999465942383,330500
2021-09-17,21.899999618530273,22.520000457763672,21.25,21.959999084472656,626500
2021-09-20,20.530000686645508,21.299999237060547,19.979999542236328,20.979999542236328,376600
2021-09-21,20.8700008392334,21.170000076293945,20.190000534057617,20.8700008392334,261300
2021-09-22,21.540000915527344,21.920000076293945,20.6200008392334,21.020000457763672,259300
2021-09-23,24.979999542236328,25.3799991607666,21.860000610351562,22.076000213623047,818400
2021-09-24,25.59000015258789,25.768999099731445,24.309999465942383,24.75,475200
2021-09-27,25.360000610351562,26.15999984741211,24.649999618530273,25.200000762939453,367600
2021-09-28,23.170000076293945,24.76300048828125,23.000999450683594,24.59000015258789,389400
2021-09-29,23.260000228881836,23.93000030517578,22.86199951171875,23.479999542236328,334500
2021-09-30,23.889999389648438,24.270000457763672,23.229999542236328,23.40999984741211,416300
2021-10-01,23.309999465942383,23.81999969482422,22.510000228881836,23.81999969482422,349000
2021-10-04,21.700000762939453,23.475000381469727,21.299999237060547,23.149999618530273,305200
2021-10-05,22.459999084472656,22.797000885009766,21.540000915527344,21.889999389648438,238600
2021-10-06,22.790000915527344,23.200000762939453,21.920000076293945,22.139999389648438,242500
2021-10-07,23.459999084472656,24.1299991607666,23.1200008392334,23.299999237060547,253500
2021-10-08,22.920000076293945,23.739999771118164,22.860000610351562,23.65999984741211,199600
2021-10-11,22.06999969482422,23.309999465942383,22.059999465942383,22.799999237060547,224100
2021-10-12,22.829999923706055,23.530000686645508,22.049999237060547,22.049999237060547,222600
2021-10-13,23.299999237060547,23.729999542236328,22.899999618530273,23.049999237060547,139800
2021-10-14,23.520000457763672,24.940000534057617,23.020000457763672,24.34000015258789,309600
2021-10-15,23.65999984741211,24.8700008392334,23.200000762939453,23.81999969482422,322400
2021-10-18,23.489999771118164,23.742000579833984,23.0,23.489999771118164,206700
2021-10-19,24.09000015258789,24.139999389648438,23.270000457763672,23.790000915527344,179200
2021-10-20,25.030000686645508,25.579999923706055,23.799999237060547,24.260000228881836,299500
2021-10-21,27.31999969482422,27.81999969482422,24.530000686645508,24.899999618530273,842200
2021-10-22,28.68000030517578,28.979999542236328,26.260000228881836,27.100000381469727,598100
2021-10-25,29.610000610351562,30.479999542236328,28.150999069213867,28.559999465942383,516000
2021-10-26,28.770000457763672,30.65999984741211,28.040000915527344,30.270000457763672,371600
2021-10-27,27.93000030517578,29.25,27.530000686645508,28.780000686645508,282700
2021-10-28,28.489999771118164,29.25,27.76099967956543,28.049999237060547,231400
2021-10-29,29.90999984741211,30.579999923706055,28.229999542236328,28.229999542236328,396000
2021-11-01,32.27000045776367,32.93000030517578,30.399999618530273,30.450000762939453,482100
2021-11-02,31.90999984741211,32.029998779296875,30.43000030517578,31.799999237060547,360400
2021-11-03,32.31999969482422,32.86000061035156,31.170000076293945,32.04999923706055,258700
2021-11-04,31.790000915527344,33.47999954223633,31.510000228881836,32.540000915527344,342800
2021-11-05,31.600000381469727,33.099998474121094,31.510000228881836,32.02000045776367,673400
2021-11-08,32.20000076293945,32.75,31.690000534057617,31.780000686645508,397200
2021-11-09,30.579999923706055,32.709999084472656,29.84000015258789,32.400001525878906,593800
2021-11-10,31.850000381469727,37.13999938964844,31.170000076293945,36.0,1143600
2021-11-11,32.939998626708984,34.9900016784668,32.040000915527344,32.5,585300
2021-11-12,34.08000183105469,34.470001220703125,33.04999923706055,33.099998474121094,326900
2021-11-15,33.58000183105469,35.869998931884766,32.630001068115234,35.20000076293945,549500
2021-11-16,27.739999771118164,31.3799991607666,26.6299991607666,30.75,3292000
2021-11-17,26.950000762939453,27.579999923706055,26.020000457763672,27.5,2646200
2021-11-18,27.829999923706055,27.899999618530273,26.510000228881836,27.25,1641500
2021-11-19,29.010000228881836,29.100000381469727,27.43000030517578,27.739999771118164,940700
2021-11-22,26.329999923706055,29.290000915527344,26.06999969482422,29.020000457763672,692800
2021-11-23,25.520000457763672,27.170000076293945,24.889999389648438,26.15999984741211,527400
2021-11-24,26.309999465942383,26.5,24.940000534057617,25.31999969482422,740600
2021-11-26,25.920000076293945,26.149999618530273,24.860000610351562,25.309999465942383,236700
2021-11-29,25.969999313354492,27.170000076293945,25.219999313354492,26.510000228881836,550700
2021-11-30,25.639999389648438,26.1299991607666,24.100000381469727,25.690000534057617,601000
2021-12-01,23.469999313354492,26.399999618530273,23.288000106811523,26.219999313354492,440100
2021-12-02,22.780000686645508,23.989999771118164,22.170000076293945,23.469999313354492,688900
2021-12-03,21.600000381469727,23.40999984741211,20.770000457763672,23.100000381469727,849800
2021-12-06,21.8799991607666,22.219999313354492,20.610000610351562,21.280000686645508,473900
2021-12-07,23.510000228881836,24.350000381469727,22.920000076293945,22.920000076293945,467900
2021-12-08,24.100000381469727,24.8700008392334,22.81999969482422,23.610000610351562,465700
2021-12-09,23.450000762939453,24.450000762939453,23.0,23.93000030517578,421400
2021-12-10,23.399999618530273,24.239999771118164,23.049999237060547,23.6299991607666,292800
2021-12-13,22.93000030517578,23.760000228881836,22.40999984741211,23.34000015258789,307800
2021-12-14,21.719999313354492,23.690000534057617,21.079999923706055,22.530000686645508,812900
2021-12-15,22.989999771118164,23.149999618530273,20.8700008392334,21.6200008392334,439800
2021-12-16,21.229999542236328,23.479999542236328,21.010000228881836,23.479999542236328,487900
2021-12-17,22.190000534057617,22.604999542236328,20.125,20.610000610351562,1302800
2021-12-20,19.969999313354492,21.3799991607666,19.690000534057617,21.360000610351562,1462900
2021-12-21,21.860000610351562,21.979999542236328,20.420000076293945,20.559999465942383,390900
2021-12-22,22.280000686645508,22.416000366210938,21.614999771118164,21.90999984741211,257200
2021-12-23,22.5,22.75,21.760000228881836,22.190000534057617,214200
2021-12-27,23.479999542236328,23.655000686645508,22.5,23.110000610351562,316900
2021-12-28,23.059999465942383,24.1200008392334,22.809999465942383,23.100000381469727,474700
2021-12-29,21.309999465942383,23.030000686645508,21.15999984741211,22.989999771118164,349100
2021-12-30,22.860000610351562,23.549999237060547,21.690000534057617,21.700000762939453,348400
2021-12-31,22.479999542236328,23.56999969482422,22.350000381469727,22.780000686645508,237600
2022-01-03,22.5,23.170000076293945,22.030000686645508,23.079999923706055,272700
2022-01-04,22.170000076293945,22.524999618530273,21.420000076293945,22.399999618530273,419200
2022-01-05,19.75,22.219999313354492,19.25,22.059999465942383,764600
2022-01-06,19.690000534057617,20.483999252319336,19.200000762939453,19.3799991607666,435600
2022-01-07,19.600000381469727,20.549999237060547,19.399999618530273,19.700000762939453,215200
2022-01-10,19.719999313354492,19.81999969482422,18.510000228881836,19.360000610351562,299900
2022-01-11,19.81999969482422,20.450000762939453,19.40999984741211,19.65999984741211,216800
2022-01-12,19.450000762939453,20.540000915527344,19.309999465942383,20.15999984741211,202500
2022-01-13,18.639999389648438,20.09000015258789,18.59000015258789,19.790000915527344,275200
2022-01-14,18.149999618530273,18.600000381469727,17.420000076293945,18.25,472700
2022-01-18,17.149999618530273,18.139999389648438,16.93000030517578,17.670000076293945,330000
2022-01-19,16.65999984741211,17.690000534057617,16.6200008392334,17.450000762939453,314300
2022-01-20,16.56999969482422,17.899999618530273,16.489999771118164,17.06999969482422,282300
2022-01-21,15.779999732971191,16.67099952697754,15.720000267028809,16.139999389648438,440100
2022-01-24,15.819999694824219,15.869999885559082,13.75,14.800000190734863,872100
2022-01-25,14.899999618530273,15.630000114440918,14.4399995803833,15.279999732971191,372100
2022-01-26,14.100000381469727,15.789999961853027,13.880000114440918,15.479999542236328,541700
2022-01-27,13.220000267028809,14.539999961853027,13.109999656677246,14.470000267028809,439900
2022-01-28,14.40999984741211,14.40999984741211,13.0600004196167,13.279999732971191,650900
2022-01-31,15.770000457763672,15.770000457763672,14.470000267028809,14.479999542236328,574800
2022-02-01,15.779999732971191,16.010000228881836,15.100000381469727,15.869999885559082,279100
2022-02-02,15.520000457763672,16.1299991607666,15.039999961853027,16.1299991607666,559700
2022-02-03,14.239999771118164,15.300000190734863,14.15999984741211,14.920000076293945,246700
2022-02-04,15.369999885559082,15.449999809265137,14.15999984741211,14.770000457763672,431700
2022-02-07,16.440000534057617,17.979999542236328,15.800000190734863,16.100000381469727,766400
2022-02-08,17.700000762939453,17.770000457763672,16.0,16.18000030517578,454500
2022-02-09,18.770000457763672,18.8700008392334,17.540000915527344,18.469999313354492,606400
2022-02-10,18.190000534057617,19.290000915527344,17.940000534057617,18.190000534057617,944300
2022-02-11,17.229999542236328,18.6200008392334,17.100000381469727,18.200000762939453,585800
2022-02-14,17.3700008392334,17.8799991607666,16.93000030517578,17.020000457763672,248400
2022-02-15,18.260000228881836,18.290000915527344,17.260000228881836,17.860000610351562,371800
2022-02-16,18.469999313354492,18.59000015258789,17.5049991607666,17.889999389648438,274800
2022-02-17,17.09000015258789,18.34000015258789,16.93000030517578,17.989999771118164,370700
2022-02-18,16.059999465942383,17.1200008392334,15.9399995803833,17.010000228881836,335500
2022-02-22,16.030000686645508,16.459999084472656,15.6899995803833,15.729999542236328,426900
2022-02-23,15.119999885559082,16.40999984741211,15.100000381469727,16.350000381469727,319400
2022-02-24,17.049999237060547,17.110000610351562,14.100000381469727,14.210000038146973,429200
2022-02-25,16.770000457763672,17.235000610351562,16.389999389648438,17.0,312200
2022-02-28,16.84000015258789,17.40999984741211,16.5,16.56999969482422,462000
2022-03-01,16.549999237060547,17.1200008392334,16.399999618530273,16.799999237060547,309600
2022-03-02,16.739999771118164,16.969999313354492,16.1200008392334,16.670000076293945,349800
2022-03-03,16.09000015258789,16.959999084472656,15.829999923706055,16.959999084472656,754200
2022-03-04,16.149999618530273,17.649999618530273,15.90999984741211,17.0,946000
2022-03-07,15.819999694824219,16.770000457763672,15.75,16.40999984741211,523300
2022-03-08,15.600000381469727,16.35700035095215,15.319999694824219,15.75,401100
2022-03-09,16.829999923706055,16.969999313354492,16.010000228881836,16.200000762939453,342300
2022-03-10,16.440000534057617,16.809999465942383,16.06999969482422,16.450000762939453,230100
2022-03-11,15.630000114440918,16.860000610351562,15.600000381469727,16.860000610351562,285500
2022-03-14,14.609999656677246,15.8100004196167,14.399999618530273,15.619999885559082,517600
2022-03-15,15.180000305175781,15.239999771118164,14.149999618530273,14.65999984741211,377400
2022-03-16,16.6200008392334,16.6299991607666,15.5600004196167,15.75,461300
2022-03-17,17.969999313354492,18.030000686645508,16.243000030517578,16.549999237060547,473400
2022-03-18,18.469999313354492,18.5,17.719999313354492,17.860000610351562,487800
2022-03-21,17.8700008392334,18.780000686645508,17.68000030517578,18.219999313354492,375000
2022-03-22,18.670000076293945,18.75,17.6200008392334,17.920000076293945,281100
2022-03-23,18.309999465942383,19.110000610351562,17.969999313354492,18.389999389648438,257500
2022-03-24,18.559999465942383,18.663999557495117,17.850000381469727,18.399999618530273,215900
2022-03-25,17.5,18.610000610351562,17.219999313354492,18.610000610351562,230200
2022-03-28,18.15999984741211,18.200000762939453,17.389999389648438,17.68000030517578,203300
2022-03-29,19.770000457763672,20.25,18.18000030517578,18.479999542236328,1082300
2022-03-30,18.850000381469727,19.66900062561035,18.67300033569336,19.200000762939453,239100
2022-03-31,18.280000686645508,19.100000381469727,18.170000076293945,18.90999984741211,263900
2022-04-01,18.25,18.649999618530273,17.90999984741211,18.270000457763672,249500
2022-04-04,19.030000686645508,19.135000228881836,18.309999465942383,18.309999465942383,187000
2022-04-05,17.829999923706055,18.950000762939453,17.709999084472656,18.950000762939453,218800
2022-04-06,16.530000686645508,17.514999389648438,16.1299991607666,17.399999618530273,390200
2022-04-07,16.3700008392334,16.950000762939453,15.930000305175781,16.43000030517578,255100
2022-04-08,15.65999984741211,16.299999237060547,15.5600004196167,16.290000915527344,255400
2022-04-11,15.960000038146973,16.190000534057617,15.170000076293945,15.40999984741211,216000
2022-04-12,15.260000228881836,16.770000457763672,15.069999694824219,16.309999465942383,333700
2022-04-13,15.720000267028809,15.869999885559082,15.109999656677246,15.239999771118164,273700
2022-04-14,15.149999618530273,15.800000190734863,15.09000015258789,15.710000038146973,241600
2022-04-18,14.699999809265137,15.152999877929688,14.4350004196167,15.029999732971191,211000
2022-04-19,15.710000038146973,15.819999694824219,14.449999809265137,14.760000228881836,379000
2022-04-20,14.630000114440918,15.960000038146973,14.600000381469727,15.850000381469727,278900
2022-04-21,14.050000190734863,15.34000015258789,13.744999885559082,15.050000190734863,1044800
2022-04-22,13.619999885559082,14.489999771118164,13.569999694824219,14.029999732971191,293000
2022-04-25,14.199999809265137,14.239999771118164,13.357999801635742,13.579999923706055,235500
2022-04-26,13.449999809265137,14.010000228881836,13.420000076293945,13.989999771118164,208700
2022-04-27,13.069999694824219,13.852999687194824,12.920000076293945,13.460000038146973,321600
2022-04-28,13.829999923706055,14.045000076293945,12.899999618530273,13.1899995803833,320400
2022-04-29,10.829999923706055,13.25,10.604999542236328,13.149999618530273,1852500
2022-05-02,11.039999961853027,11.140000343322754,10.489999771118164,10.770000457763672,924100
2022-05-03,10.880000114440918,11.239999771118164,10.609999656677246,11.039999961853027,954400
2022-05-04,10.859999656677246,10.979999542236328,9.65999984741211,10.5,717000
2022-05-05,10.039999961853027,10.675000190734863,9.600000381469727,10.5600004196167,585700
2022-05-06,9.0600004196167,10.010000228881836,8.984999656677246,10.010000228881836,708400
2022-05-09,8.329999923706055,8.850000381469727,8.15999984741211,8.850000381469727,745300
2022-05-10,7.880000114440918,8.569000244140625,7.699999809265137,8.5,896600
2022-05-11,7.739999771118164,8.3100004196167,7.520999908447266,7.75,764400
2022-05-12,7.940000057220459,8.079999923706055,7.309999942779541,7.5,653400
2022-05-13,8.989999771118164,9.149999618530273,8.170000076293945,8.220000267028809,789300
2022-05-16,8.180000305175781,8.954999923706055,8.140000343322754,8.8100004196167,502200
2022-05-17,8.569999694824219,8.781000137329102,8.270000457763672,8.5,399700
2022-05-18,8.010000228881836,8.569999694824219,7.889999866485596,8.329999923706055,733000
2022-05-19,7.889999866485596,8.289999961853027,7.829999923706055,7.920000076293945,377800
2022-05-20,8.109999656677246,8.380000114440918,7.755000114440918,8.289999961853027,498700
2022-05-23,7.96999979019165,8.130000114440918,7.71999979019165,8.100000381469727,266200
2022-05-24,7.239999771118164,7.854000091552734,7.150000095367432,7.739999771118164,328900
2022-05-25,7.349999904632568,7.451000213623047,7.170000076293945,7.199999809265137,351700
2022-05-26,7.539999961853027,7.71999979019165,7.139999866485596,7.25,321400
2022-05-27,8.270000457763672,8.425999641418457,7.75,7.78000020980835,541300
2022-05-31,7.78000020980835,8.430000305175781,7.699999809265137,8.239999771118164,757500
2022-06-01,7.429999828338623,8.069999694824219,7.420000076293945,7.809999942779541,289300
2022-06-02,7.96999979019165,8.100000381469727,7.400000095367432,7.429999828338623,313800
2022-06-03,7.539999961853027,7.800000190734863,7.420000076293945,7.800000190734863,240600
2022-06-06,7.550000190734863,7.880000114440918,7.369999885559082,7.880000114440918,242400
2022-06-07,7.75,7.775000095367432,7.309999942779541,7.429999828338623,263400
2022-06-08,7.590000152587891,7.880000114440918,7.460000038146973,7.670000076293945,356500
2022-06-09,6.989999771118164,7.570000171661377,6.949999809265137,7.570000171661377,521300
2022-06-10,6.610000133514404,7.005000114440918,6.460000038146973,6.900000095367432,599400
2022-06-13,6.079999923706055,6.570000171661377,6.019999980926514,6.449999809265137,625500
2022-06-14,6.119999885559082,6.210000038146973,5.889999866485596,6.099999904632568,354000
2022-06-15,6.21999979019165,6.340000152587891,5.940000057220459,6.170000076293945,465400
2022-06-16,6.110000133514404,6.132999897003174,5.723999977111816,6.099999904632568,748300
2022-06-17,6.150000095367432,6.420000076293945,6.139999866485596,6.139999866485596,901500
2022-06-21,6.300000190734863,6.599999904632568,6.260000228881836,6.449999809265137,470300
2022-06-22,6.349999904632568,6.690000057220459,6.130000114440918,6.130000114440918,272500
2022-06-23,6.559999942779541,6.590000152587891,6.260000228881836,6.389999866485596,334300
2022-06-24,6.679999828338623,6.900000095367432,6.5,6.670000076293945,969500
2022-06-27,6.440000057220459,6.767000198364258,6.40500020980835,6.679999828338623,413000
2022-06-28,6.349999904632568,6.539999961853027,6.260000228881836,6.409999847412109,403600
2022-06-29,6.460000038146973,6.46999979019165,6.190000057220459,6.340000152587891,359800
2022-06-30,6.53000020980835,6.679999828338623,6.150000095367432,6.28000020980835,467300
2022-07-01,6.559999942779541,6.659999847412109,6.349999904632568,6.510000228881836,249300
2022-07-05,6.980000019073486,6.989999771118164,6.320000171661377,6.409999847412109,271000
2022-07-06,6.78000020980835,7.110000133514404,6.710000038146973,7.0,234100
2022-07-07,7.349999904632568,7.460000038146973,6.820000171661377,6.820000171661377,317000
2022-07-08,7.480000019073486,7.650000095367432,6.820000171661377,7.130000114440918,339600
2022-07-11,7.130000114440918,7.440000057220459,7.110000133514404,7.360000133514404,141400
2022-07-12,7.03000020980835,7.389999866485596,6.909999847412109,7.170000076293945,177100
2022-07-13,6.5,6.920000076293945,6.21999979019165,6.46999979019165,533700
2022-07-14,6.300000190734863,6.449999809265137,6.150000095367432,6.409999847412109,200600
2022-07-15,6.519999980926514,6.579999923706055,6.320000171661377,6.460000038146973,296400
2022-07-18,6.5,6.849999904632568,6.465000152587891,6.619999885559082,163200
2022-07-19,6.800000190734863,6.840000152587891,6.519999980926514,6.570000171661377,312300
2022-07-20,7.46999979019165,7.510000228881836,6.78000020980835,6.860000133514404,376800
2022-07-21,7.840000152587891,7.929999828338623,7.440000057220459,7.460000038146973,378100
2022-07-22,6.989999771118164,7.78000020980835,6.980000019073486,7.78000020980835,188000
2022-07-25,6.809999942779541,6.999000072479248,6.75,6.96999979019165,142400
2022-07-26,6.480000019073486,6.75,6.429999828338623,6.699999809265137,260100
2022-07-27,6.96999979019165,6.989999771118164,6.48799991607666,6.699999809265137,205200
2022-07-28,6.989999771118164,7.190000057220459,6.789999961853027,6.989999771118164,209700
2022-07-29,7.03000020980835,7.059999942779541,6.789999961853027,6.989999771118164,237800
2022-08-01,6.960000038146973,7.210000038146973,6.827000141143799,6.949999809265137,251700
2022-08-02,7.929999828338623,8.0,6.820000171661377,6.849999904632568,445600
2022-08-03,8.149999618530273,8.489999771118164,7.869999885559082,8.010000228881836,363800
2022-08-04,8.630000114440918,8.680000305175781,8.100000381469727,8.300000190734863,249300
2022-08-05,8.800000190734863,8.923999786376953,8.229999542236328,8.460000038146973,445800
2022-08-08,9.550000190734863,9.569999694824219,8.800000190734863,8.819999694824219,354800
2022-08-09,8.979999542236328,9.710000038146973,8.78600025177002,9.699999809265137,544700
2022-08-10,7.940000057220459,8.680000305175781,7.199999809265137,8.0,912400
2022-08-11,7.389999866485596,8.130000114440918,7.329999923706055,8.050000190734863,455000
2022-08-12,7.360000133514404,7.639999866485596,7.255000114440918,7.440000057220459,427100
2022-08-15,7.389999866485596,7.670000076293945,7.329999923706055,7.360000133514404,277300
2022-08-16,8.029999732971191,8.029999732971191,7.199999809265137,7.320000171661377,448700
2022-08-17,7.849999904632568,8.130000114440918,7.642000198364258,7.849999904632568,262300
2022-08-18,7.630000114440918,7.909999847412109,7.320000171661377,7.909999847412109,398400
2022-08-19,6.860000133514404,7.465000152587891,6.75,7.400000095367432,418800
2022-08-22,6.610000133514404,6.809999942779541,6.400000095367432,6.75,333500
2022-08-23,6.809999942779541,7.369999885559082,6.695000171661377,6.800000190734863,401500
2022-08-24,6.900000095367432,7.039999961853027,6.739999771118164,6.739999771118164,192700
2022-08-25,7.510000228881836,7.539999961853027,7.110000133514404,7.110000133514404,271500
2022-08-26,7.369999885559082,7.559999942779541,7.25,7.369999885559082,292800
2022-08-29,7.289999961853027,7.630000114440918,7.25,7.349999904632568,234900
2022-08-30,7.340000152587891,7.60099983215332,7.099999904632568,7.449999809265137,244600
2022-08-31,7.349999904632568,7.570000171661377,7.079999923706055,7.440000057220459,850000
2022-09-01,6.619999885559082,7.179999828338623,6.298999786376953,7.150000095367432,716600
2022-09-02,6.380000114440918,6.71999979019165,6.300000190734863,6.71999979019165,374800
2022-09-06,6.5,6.639999866485596,6.300000190734863,6.389999866485596,286800
2022-09-07,6.579999923706055,6.639999866485596,6.320000171661377,6.360000133514404,223200
2022-09-08,6.71999979019165,6.820000171661377,6.434999942779541,6.630000114440918,160500
2022-09-09,6.940000057220459,7.050000190734863,6.789999961853027,6.880000114440918,253300
2022-09-12,7.03000020980835,7.21999979019165,6.809999942779541,7.110000133514404,337900
2022-09-13,6.860000133514404,6.940000057220459,6.579999923706055,6.760000228881836,302300
2022-09-14,6.880000114440918,6.960000038146973,6.619999885559082,6.769999980926514,243000
2022-09-15,7.019999980926514,7.300000190734863,6.889999866485596,6.980000019073486,213600
2022-09-16,7.139999866485596,7.170000076293945,6.739999771118164,7.050000190734863,621300
2022-09-19,6.820000171661377,7.320000171661377,6.599999904632568,7.090000152587891,285600
2022-09-20,6.639999866485596,6.894999980926514,6.619999885559082,6.820000171661377,174800
2022-09-21,6.449999809265137,6.78000020980835,6.429999828338623,6.650000095367432,231300
2022-09-22,5.820000171661377,6.449999809265137,5.800000190734863,6.449999809265137,598500
2022-09-23,5.670000076293945,5.699999809265137,5.3429999351501465,5.699999809265137,514200
2022-09-26,5.53000020980835,5.900000095367432,5.420000076293945,5.670000076293945,249000
2022-09-27,5.650000095367432,5.860000133514404,5.519999980926514,5.699999809265137,190900
2022-09-28,5.900000095367432,5.9710001945495605,5.650000095367432,5.739999771118164,167500
2022-09-29,5.849999904632568,5.869999885559082,5.53000020980835,5.829999923706055,244900
2022-09-30,5.630000114440918,6.260000228881836,5.599999904632568,5.949999809265137,333800
2022-10-03,5.880000114440918,5.960000038146973,5.489999771118164,5.610000133514404,234500
2022-10-04,6.360000133514404,6.409999847412109,6.019999980926514,6.059999942779541,213700
2022-10-05,6.380000114440918,6.414999961853027,6.119999885559082,6.360000133514404,157100
2022-10-06,6.269999980926514,6.679999828338623,6.239999771118164,6.380000114440918,132600
2022-10-07,5.690000057220459,6.119999885559082,5.664999961853027,6.119999885559082,316100
2022-10-10,5.5,5.699999809265137,5.409999847412109,5.690000057220459,315700
2022-10-11,5.449999809265137,5.519999980926514,5.210000038146973,5.429999828338623,278500
2022-10-12,5.570000171661377,5.599999904632568,5.309000015258789,5.409999847412109,159600
2022-10-13,6.110000133514404,6.150000095367432,5.230000019073486,5.389999866485596,281100
2022-10-14,5.949999809265137,6.320000171661377,5.909999847412109,6.199999809265137,224600
2022-10-17,6.380000114440918,6.460000038146973,6.150000095367432,6.150000095367432,270200
2022-10-18,6.53000020980835,6.710000038146973,6.420000076293945,6.639999866485596,208700
2022-10-19,6.349999904632568,6.46999979019165,6.239999771118164,6.460000038146973,145500
2022-10-20,6.429999828338623,6.840000152587891,6.3460001945495605,6.389999866485596,157500
2022-10-21,6.46999979019165,6.489999771118164,6.135000228881836,6.489999771118164,109800
2022-10-24,6.449999809265137,6.659999847412109,6.159999847412109,6.429999828338623,151200
2022-10-25,6.940000057220459,6.940000057220459,6.5,6.5,176700
2022-10-26,6.96999979019165,7.239999771118164,6.760000228881836,6.840000152587891,154100
2022-10-27,7.010000228881836,7.270999908447266,6.940000057220459,7.039999961853027,116200
2022-10-28,7.079999923706055,7.099999904632568,6.710000038146973,7.03000020980835,124900
2022-10-31,7.409999847412109,7.460000038146973,7.03000020980835,7.099999904632568,159800
2022-11-01,7.050000190734863,7.599999904632568,7.03000020980835,7.53000020980835,167600
2022-11-02,6.349999904632568,6.960000038146973,6.25,6.960000038146973,260100
2022-11-03,6.230000019073486,6.53000020980835,6.21999979019165,6.349999904632568,107400
2022-11-04,6.199999809265137,6.301000118255615,5.835000038146973,6.300000190734863,245400
2022-11-07,6.25,6.420000076293945,5.980000019073486,6.210000038146973,188600
2022-11-08,5.96999979019165,6.349999904632568,5.730000019073486,6.340000152587891,318000
2022-11-09,5.380000114440918,5.559999942779541,4.629000186920166,5.550000190734863,1181300
2022-11-10,6.269999980926514,6.5,6.050000190734863,6.119999885559082,548700
2022-11-11,6.909999847412109,7.039999961853027,6.210000038146973,6.260000228881836,545400
2022-11-14,7.050000190734863,7.199999809265137,6.650000095367432,6.75,455000
2022-11-15,7.269999980926514,7.670000076293945,7.050000190734863,7.130000114440918,415100
2022-11-16,6.809999942779541,7.159999847412109,6.480000019073486,7.159999847412109,259500
2022-11-17,6.380000114440918,6.619999885559082,6.304999828338623,6.610000133514404,198300
2022-11-18,6.099999904632568,6.579999923706055,6.039999961853027,6.579999923706055,270700
2022-11-21,6.150000095367432,6.210000038146973,5.855000019073486,6.079999923706055,175900
2022-11-22,6.090000152587891,6.320000171661377,5.909999847412109,6.170000076293945,141400
2022-11-23,6.039999961853027,6.28000020980835,5.909999847412109,6.090000152587891,258000
2022-11-25,5.900000095367432,6.119999885559082,5.800000190734863,6.039999961853027,77800
2022-11-28,5.730000019073486,5.989999771118164,5.699999809265137,5.880000114440918,256000
2022-11-29,5.599999904632568,5.889999866485596,5.559999942779541,5.699999809265137,334600
2022-11-30,6.739999771118164,6.929999828338623,5.639999866485596,5.699999809265137,1865900
2022-12-01,7.28000020980835,7.559999942779541,6.769999980926514,6.789999961853027,689700
2022-12-02,7.489999771118164,7.630000114440918,6.949999809265137,7.139999866485596,630500
2022-12-05,7.03000020980835,7.59499979019165,6.940000057220459,7.420000076293945,355100
2022-12-06,6.820000171661377,7.110000133514404,6.760000228881836,7.0,248600
2022-12-07,6.960000038146973,7.159999847412109,6.75,6.800000190734863,281900
2022-12-08,7.559999942779541,7.710000038146973,6.900000095367432,7.0,409500
2022-12-09,7.650000095367432,7.945000171661377,7.125999927520752,7.389999866485596,574500
2022-12-12,8.130000114440918,8.375,7.639999866485596,7.650000095367432,587600
2022-12-13,7.670000076293945,8.680000305175781,7.610000133514404,8.449999809265137,403200
2022-12-14,7.78000020980835,7.909999847412109,7.5,7.670000076293945,284200
2022-12-15,7.829999923706055,7.96999979019165,7.599999904632568,7.599999904632568,231900
2022-12-16,7.650000095367432,7.934000015258789,7.574999809265137,7.690000057220459,636600
2022-12-19,6.369999885559082,7.704999923706055,6.25,7.570000171661377,342500
2022-12-20,5.889999866485596,6.46999979019165,5.860000133514404,6.329999923706055,455200
2022-12-21,5.505000114440918,5.880000114440918,5.460000038146973,5.840000152587891,521300
2022-12-22,5.230000019073486,5.369999885559082,5.059999942779541,5.369999885559082,932900
2022-12-23,5.03000020980835,5.195000171661377,4.909999847412109,5.179999828338623,682700
2022-12-27,4.849999904632568,5.010000228881836,4.570000171661377,4.960000038146973,645200
2022-12-28,5.070000171661377,5.110000133514404,4.809999942779541,4.869999885559082,318400
2022-12-29,5.130000114440918,5.28000020980835,4.949999809265137,5.079999923706055,421100
2022-12-30,5.300000190734863,5.375,5.050000190734863,5.079999923706055,300600
2023-01-03,5.230000019073486,5.699999809265137,5.110000133514404,5.429999828338623,262800
2023-01-04,5.329999923706055,5.409999847412109,5.03000020980835,5.380000114440918,238700
2023-01-05,4.849999904632568,5.25,4.849999904632568,5.25,394400
2023-01-06,5.130000114440918,5.150000095367432,4.679999828338623,4.929999828338623,280800
2023-01-09,5.190000057220459,5.539999961853027,5.159999847412109,5.159999847412109,327200
2023-01-10,5.570000171661377,5.630000114440918,5.130000114440918,5.210000038146973,323100
2023-01-11,5.940000057220459,5.989999771118164,5.510000228881836,5.619999885559082,481100
2023-01-12,6.21999979019165,6.25,5.670000076293945,5.929999828338623,278100
2023-01-13,6.820000171661377,7.03000020980835,6.0,6.099999904632568,607800
2023-01-17,7.179999828338623,7.204999923706055,6.577000141143799,6.820000171661377,440500
2023-01-18,6.610000133514404,7.239999771118164,6.5,7.239999771118164,510300
2023-01-19,6.380000114440918,6.599999904632568,6.199999809265137,6.480000019073486,252500
2023-01-20,6.650000095367432,6.739999771118164,6.269999980926514,6.539999961853027,221700
2023-01-23,7.039999961853027,7.170000076293945,6.610000133514404,6.75,380600
2023-01-24,6.960000038146973,7.130000114440918,6.78000020980835,7.03000020980835,394900
2023-01-25,7.440000057220459,7.570000171661377,6.690000057220459,6.920000076293945,475300
2023-01-26,7.739999771118164,7.769999980926514,7.25,7.559999942779541,475600
2023-01-27,8.390000343322754,8.489999771118164,7.519999980926514,7.699999809265137,1408900
2023-01-30,7.820000171661377,8.404999732971191,7.769999980926514,8.3100004196167,533700
2023-01-31,8.449999809265137,9.449999809265137,7.679999828338623,7.96999979019165,3595000
2023-02-01,9.970000267028809,10.119999885559082,8.380000114440918,8.520000457763672,1895800
2023-02-02,9.59000015258789,10.579999923706055,9.34000015258789,10.100000381469727,1483500
2023-02-03,9.029999732971191,9.890000343322754,8.864999771118164,9.300000190734863,1903600
2023-02-06,9.890000343322754,10.989999771118164,8.670000076293945,8.890000343322754,4606100
2023-02-07,9.460000038146973,9.989999771118164,8.770000457763672,9.869999885559082,1437500
2023-02-08,9.579999923706055,10.420000076293945,9.40999984741211,9.430000305175781,1523700
2023-02-09,8.479999542236328,9.800000190734863,8.350000381469727,9.699999809265137,1512700
2023-02-10,8.390000343322754,8.678000450134277,7.880000114440918,8.380000114440918,725300
2023-02-13,8.989999771118164,9.079999923706055,8.079999923706055,8.4399995803833,683500
2023-02-14,9.579999923706055,9.859999656677246,8.649999618530273,8.880000114440918,1244400
2023-02-15,9.800000190734863,9.920000076293945,9.449999809265137,9.600000381469727,666900
2023-02-16,9.100000381469727,10.039999961853027,8.970000267028809,9.569999694824219,891700
2023-02-17,8.359999656677246,9.029999732971191,8.329999923706055,9.0,737200
2023-02-21,7.710000038146973,8.399999618530273,7.619999885559082,8.109999656677246,894000
2023-02-22,7.900000095367432,8.020000457763672,7.650000095367432,7.760000228881836,482600
2023-02-23,7.440000057220459,8.039999961853027,7.409999847412109,7.989999771118164,470700
2023-02-24,7.150000095367432,7.329999923706055,6.989999771118164,7.21999979019165,382900
2023-02-27,6.920000076293945,7.309999942779541,6.869999885559082,7.25,473500
2023-02-28,7.090000152587891,7.320000171661377,6.949999809265137,7.050000190734863,741200
2023-03-01,6.440000057220459,7.039999961853027,6.375,7.03000020980835,565900
2023-03-02,6.360000133514404,6.590000152587891,6.170000076293945,6.260000228881836,824900
2023-03-03,7.440000057220459,7.940000057220459,6.550000190734863,6.690000057220459,1911100
2023-03-06,7.769999980926514,8.039999961853027,7.394999980926514,7.409999847412109,983600
2023-03-07,6.849999904632568,7.929999828338623,6.724999904632568,7.559999942779541,1016600
2023-03-08,6.445000171661377,6.989999771118164,6.400000095367432,6.829999923706055,614200
2023-03-09,5.840000152587891,6.445000171661377,5.789999961853027,6.360000133514404,940800
2023-03-10,5.505000114440918,5.840000152587891,5.420000076293945,5.769999980926514,863800
2023-03-13,5.25,5.510000228881836,5.130000114440918,5.329999923706055,661400
2023-03-14,5.179999828338623,5.480000019073486,5.050000190734863,5.409999847412109,677000
2023-03-15,5.199999809265137,5.21999979019165,4.849999904632568,5.0,658400
2023-03-16,5.050000190734863,5.260000228881836,4.980000019073486,5.119999885559082,606500
2023-03-17,4.96999979019165,5.230000019073486,4.920000076293945,5.0,1552200
2023-03-20,4.849999904632568,5.059999942779541,4.78000020980835,5.039999961853027,571500
2023-03-21,5.295000076293945,5.360000133514404,4.989999771118164,4.989999771118164,622700
2023-03-22,5.074999809265137,5.489999771118164,5.070000171661377,5.329999923706055,613000
2023-03-23,5.230000019073486,5.410999774932861,5.13700008392334,5.179999828338623,437500
2023-03-24,5.269999980926514,5.309999942779541,5.090000152587891,5.130000114440918,375700
2023-03-27,5.440000057220459,5.590000152587891,5.170000076293945,5.360000133514404,578100
2023-03-28,5.300000190734863,5.429999828338623,5.210000038146973,5.369999885559082,396400
2023-03-29,5.309999942779541,5.420000076293945,5.119999885559082,5.400000095367432,407400
2023-03-30,5.369999885559082,5.53000020980835,5.28000020980835,5.429999828338623,382800
2023-03-31,5.829999923706055,5.889999866485596,5.329999923706055,5.440000057220459,1921600
2023-04-03,5.900000095367432,6.03000020980835,5.550000190734863,5.920000076293945,1154900
2023-04-04,5.21999979019165,5.880000114440918,5.110000133514404,5.880000114440918,931800
2023-04-05,4.90500020980835,5.179999828338623,4.900000095367432,5.159999847412109,497500
2023-04-06,5.159999847412109,5.235000133514404,4.769999980926514,4.980000019073486,712200
2023-04-10,5.099999904632568,5.159999847412109,4.900000095367432,5.03000020980835,361300
2023-04-11,5.215000152587891,5.389999866485596,5.090000152587891,5.150000095367432,382400
2023-04-12,4.949999809265137,5.380000114440918,4.929999828338623,5.380000114440918,336500
2023-04-13,5.420000076293945,5.51800012588501,5.03000020980835,5.03000020980835,800000
2023-04-14,5.449999809265137,5.53000020980835,5.295000076293945,5.389999866485596,364400
2023-04-17,5.78000020980835,5.861000061035156,5.449999809265137,5.460000038146973,399700
2023-04-18,5.53000020980835,5.949999809265137,5.510000228881836,5.869999885559082,389300
2023-04-19,5.539999961853027,5.625,5.329999923706055,5.480000019073486,379900
2023-04-20,4.940000057220459,5.110000133514404,4.579999923706055,5.059999942779541,2139200
2023-04-21,5.059999942779541,5.269999980926514,4.880000114440918,4.980000019073486,955300
2023-04-24,5.150000095367432,5.190000057220459,4.90500020980835,5.019999980926514,669400
2023-04-25,4.760000228881836,5.067999839782715,4.75,5.019999980926514,757700
2023-04-26,4.730000019073486,4.909999847412109,4.525000095367432,4.809999942779541,645900
2023-04-27,4.820000171661377,4.920000076293945,4.685999870300293,4.78000020980835,309600
2023-04-28,4.760000228881836,4.880000114440918,4.639999866485596,4.880000114440918,549100
2023-05-01,4.539999961853027,4.815000057220459,4.409999847412109,4.760000228881836,829900
2023-05-02,4.260000228881836,4.5,4.110000133514404,4.46999979019165,881100
2023-05-03,3.9100000858306885,4.130000114440918,3.634999990463257,4.0,1388700
2023-05-04,3.700000047683716,3.9700000286102295,3.575000047683716,3.880000114440918,863500
2023-05-05,3.825000047683716,3.8949999809265137,3.690000057220459,3.7200000286102295,516500
2023-05-08,3.9800000190734863,4.03000020980835,3.7899999618530273,3.859999895095825,476300
2023-05-09,4.059999942779541,4.125,3.9000000953674316,3.9600000381469727,488300
2023-05-10,4.199999809265137,4.289999961853027,4.110000133514404,4.199999809265137,435900
2023-05-11,4.010000228881836,4.190000057220459,3.9649999141693115,4.139999866485596,299700
2023-05-12,3.799999952316284,4.03000020980835,3.7799999713897705,4.03000020980835,316000
2023-05-15,4.0,4.010000228881836,3.759999990463257,3.7799999713897705,293200
2023-05-16,3.6500000953674316,3.9800000190734863,3.634999990463257,3.940000057220459,590700
2023-05-17,3.930000066757202,3.950000047683716,3.5399999618530273,3.690000057220459,588800
2023-05-18,4.03000020980835,4.150000095367432,3.8399999141693115,3.890000104904175,422300
2023-05-19,3.740000009536743,4.139999866485596,3.7300000190734863,4.139999866485596,428200
2023-05-22,3.890000104904175,3.950000047683716,3.6600000858306885,3.740000009536743,487200
2023-05-23,3.75,4.039999961853027,3.7300000190734863,3.819999933242798,373200
2023-05-24,3.700000047683716,3.7799999713897705,3.5999999046325684,3.7300000190734863,372600
2023-05-25,3.744999885559082,3.859999895095825,3.6600000858306885,3.819999933242798,590400
2023-05-26,4.019999980926514,4.178999900817871,3.7200000286102295,3.75,533600
2023-05-30,4.260000228881836,4.690000057220459,4.090000152587891,4.159999847412109,1042800
2023-05-31,3.940000057220459,4.150000095367432,3.700000047683716,4.050000190734863,1395500
2023-06-01,3.0,3.690000057220459,2.9800000190734863,3.680000066757202,3351600
2023-06-02,3.2899999618530273,3.3499999046325684,3.0199999809265137,3.059999942779541,1477500
2023-06-05,3.569999933242798,3.7100000381469727,3.2799999713897705,3.2799999713897705,1329300
2023-06-06,3.75,3.869999885559082,3.5299999713897705,3.549999952316284,818900
2023-06-07,3.9700000286102295,4.079999923706055,3.7899999618530273,3.7899999618530273,934200
2023-06-08,4.03000020980835,4.090000152587891,3.809999942779541,3.990000009536743,596400
2023-06-09,3.940000057220459,4.079999923706055,3.8299999237060547,4.03000020980835,509700
2023-06-12,3.9700000286102295,4.099999904632568,3.880000114440918,4.0,504200
2023-06-13,4.320000171661377,4.389999866485596,4.0229997634887695,4.03000020980835,764700
2023-06-14,4.46999979019165,4.598999977111816,4.289999961853027,4.349999904632568,584000
2023-06-15,4.40500020980835,4.489999771118164,4.139999866485596,4.46999979019165,567000
2023-06-16,4.489999771118164,4.590000152587891,4.36299991607666,4.489999771118164,1116400
2023-06-20,4.690000057220459,4.724999904632568,4.21999979019165,4.5,713900
2023-06-21,4.510000228881836,4.679999828338623,4.300000190734863,4.659999847412109,584400
2023-06-22,4.159999847412109,4.510000228881836,4.110000133514404,4.510000228881836,467600
2023-06-23,4.179999828338623,4.179999828338623,3.9700000286102295,4.010000228881836,945800
2023-06-26,4.179999828338623,4.400000095367432,4.090000152587891,4.139999866485596,235800
2023-06-27,4.230000019073486,4.269999980926514,4.059999942779541,4.179999828338623,246900
2023-06-28,4.099999904632568,4.329999923706055,4.059999942779541,4.230000019073486,268400
2023-06-29,4.079999923706055,4.110000133514404,3.7300000190734863,4.059999942779541,485800
2023-06-30,3.9200000762939453,4.150000095367432,3.9200000762939453,4.150000095367432,331000
2023-07-03,4.010000228881836,4.019999980926514,3.8350000381469727,3.950000047683716,278600
2023-07-05,3.809999942779541,4.050000190734863,3.799999952316284,3.930000066757202,409900
2023-07-06,3.690000057220459,3.7799999713897705,3.5199999809265137,3.7699999809265137,424800
2023-07-07,3.890000104904175,3.9000000953674316,3.690000057220459,3.700000047683716,414000
2023-07-10,4.199999809265137,4.21999979019165,3.809999942779541,3.950000047683716,325900
2023-07-11,4.260000228881836,4.460000038146973,4.239999771118164,4.28000020980835,335400
2023-07-12,4.21999979019165,4.460999965667725,4.139999866485596,4.420000076293945,346700
2023-07-13,4.369999885559082,4.449999809265137,4.230000019073486,4.260000228881836,375100
2023-07-14,4.079999923706055,4.409999847412109,4.050000190734863,4.369999885559082,285300
2023-07-17,4.25,4.28000020980835,4.050000190734863,4.090000152587891,254300
2023-07-18,4.269999980926514,4.440000057220459,4.21999979019165,4.300000190734863,281300
2023-07-19,4.150000095367432,4.46999979019165,4.110000133514404,4.320000171661377,321500
2023-07-20,4.079999923706055,4.119999885559082,3.9100000858306885,4.119999885559082,322700
2023-07-21,4.110000133514404,4.190000057220459,4.019999980926514,4.139999866485596,190800
2023-07-24,4.059999942779541,4.179999828338623,4.010000228881836,4.079999923706055,191100
2023-07-25,3.950000047683716,4.103000164031982,3.940000057220459,4.090000152587891,279800
2023-07-26,3.9800000190734863,4.03000020980835,3.8499999046325684,3.9100000858306885,224400
2023-07-27,3.8299999237060547,4.099999904632568,3.809999942779541,4.050000190734863,209600
2023-07-28,4.050000190734863,4.085000038146973,3.9189999103546143,3.9200000762939453,239700
2023-07-31,4.614999771118164,4.800000190734863,4.099999904632568,4.130000114440918,798500
2023-08-01,4.619999885559082,4.635000228881836,4.330999851226807,4.579999923706055,284300
2023-08-02,4.25,4.480000019073486,4.150000095367432,4.480000019073486,367900
2023-08-03,4.15500020980835,4.25,4.090000152587891,4.21999979019165,230000
2023-08-04,4.03000020980835,4.309999942779541,3.869999885559082,4.230000019073486,339900
2023-08-07,4.09499979019165,4.21999979019165,3.9000000953674316,4.059999942779541,321800
2023-08-08,4.0,4.039999961853027,3.819999933242798,4.039999961853027,358100
2023-08-09,2.5199999809265137,3.1600000858306885,2.4700000286102295,2.9800000190734863,2632300
2023-08-10,2.8399999141693115,3.0,2.640000104904175,2.6500000953674316,1545600
2023-08-11,2.809999942779541,2.930000066757202,2.680000066757202,2.7699999809265137,565500
2023-08-14,2.7699999809265137,2.8550000190734863,2.5929999351501465,2.7699999809265137,535800
2023-08-15,2.640000104904175,2.7699999809265137,2.5799999237060547,2.759999990463257,489600
2023-08-16,2.619999885559082,2.740000009536743,2.549999952316284,2.630000114440918,758700
2023-08-17,2.5999999046325684,2.6600000858306885,2.549999952316284,2.6500000953674316,335800
2023-08-18,2.809999942779541,2.8299999237060547,2.5199999809265137,2.549999952316284,397900
2023-08-21,2.8399999141693115,2.9119999408721924,2.700000047683716,2.8499999046325684,824900
2023-08-22,2.859999895095825,2.9089999198913574,2.7100000381469727,2.890000104904175,294200
2023-08-23,3.130000114440918,3.140000104904175,2.815000057220459,2.859999895095825,452300
2023-08-24,3.059999942779541,3.140000104904175,2.9200000762939453,3.130000114440918,378400
2023-08-25,3.0199999809265137,3.109999895095825,2.9700000286102295,3.069999933242798,283400
2023-08-28,3.059999942779541,3.0899999141693115,2.9700000286102295,3.0399999618530273,276500
2023-08-29,3.1500000953674316,3.2300000190734863,2.9800000190734863,3.059999942779541,349100
2023-08-30,3.390000104904175,3.390000104904175,3.069999933242798,3.119999885559082,377500
2023-08-31,3.069999933242798,3.444999933242798,3.059999942779541,3.390000104904175,377800
2023-09-01,3.180000066757202,3.2200000286102295,3.0799999237060547,3.0899999141693115,285100
2023-09-05,3.0799999237060547,3.2300000190734863,3.049999952316284,3.1700000762939453,191200
2023-09-06,3.009999990463257,3.1449999809265137,2.9600000381469727,3.069999933242798,239600
2023-09-07,2.869999885559082,2.990000009536743,2.75,2.940000057220459,307400
2023-09-08,2.9000000953674316,2.9200000762939453,2.7899999618530273,2.890000104904175,214900
2023-09-11,2.8399999141693115,2.9049999713897705,2.700000047683716,2.880000114440918,380100
2023-09-12,2.7300000190734863,2.890000104904175,2.7100000381469727,2.8499999046325684,524100
2023-09-13,2.559999942779541,2.700000047683716,2.559999942779541,2.700000047683716,524700
2023-09-14,2.609999895095825,2.6600000858306885,2.5250000953674316,2.619999885559082,350900
2023-09-15,2.509999990463257,2.630000114440918,2.4700000286102295,2.5999999046325684,1430000
2023-09-18,2.4600000381469727,2.549999952316284,2.4049999713897705,2.5,326800
2023-09-19,2.4600000381469727,2.549999952316284,2.4100000858306885,2.450000047683716,268300
2023-09-20,2.490000009536743,2.5350000858306885,2.4200000762939453,2.4700000286102295,213800
2023-09-21,2.4200000762939453,2.4700000286102295,2.4200000762939453,2.430000066757202,237900
2023-09-22,2.3499999046325684,2.4700000286102295,2.2799999713897705,2.4700000286102295,324000
2023-09-25,2.3299999237060547,2.369999885559082,2.2899999618530273,2.319999933242798,181800
2023-09-26,2.3499999046325684,2.4049999713897705,2.259999990463257,2.259999990463257,185900
2023-09-27,2.509999990463257,2.5399999618530273,2.3550000190734863,2.359999895095825,423600
2023-09-28,2.5999999046325684,2.6500000953674316,2.4600000381469727,2.5,210800
2023-09-29,2.5799999237060547,2.743000030517578,2.569999933242798,2.6500000953674316,232800
2023-10-02,2.5,2.5950000286102295,2.4700000286102295,2.509999990463257,236600
2023-10-03,2.3399999141693115,2.494999885559082,2.3399999141693115,2.4800000190734863,273600
2023-10-04,2.2899999618530273,2.390000104904175,2.2699999809265137,2.380000114440918,234400
2023-10-05,2.2300000190734863,2.380000114440918,2.2090001106262207,2.380000114440918,194700
2023-10-06,2.3399999141693115,2.375,2.180000066757202,2.2200000286102295,217500
2023-10-09,2.4000000953674316,2.430000066757202,2.2799999713897705,2.299999952316284,157100
2023-10-10,2.640000104904175,2.7799999713897705,2.4019999504089355,2.4200000762939453,418300
2023-10-11,2.569999933242798,2.7750000953674316,2.4790000915527344,2.640000104904175,265800
2023-10-12,2.319999933242798,2.5999999046325684,2.2899999618530273,2.5999999046325684,274600
2023-10-13,2.3299999237060547,2.359999895095825,2.2799999713897705,2.2899999618530273,124500
2023-10-16,2.390000104904175,2.440000057220459,2.299999952316284,2.369999885559082,193900
2023-10-17,2.690000057220459,2.734999895095825,2.4000000953674316,2.430000066757202,393500
2023-10-18,2.5,2.6549999713897705,2.490000009536743,2.640000104904175,158900
2023-10-19,2.6500000953674316,2.700000047683716,2.5299999713897705,2.5299999713897705,367200
2023-10-20,2.430000066757202,2.6600000858306885,2.4200000762939453,2.6600000858306885,261900
2023-10-23,2.359999895095825,2.4700000286102295,2.2899999618530273,2.4200000762939453,208700
2023-10-24,2.430000066757202,2.5399999618530273,2.4010000228881836,2.4100000858306885,174700
2023-10-25,2.2899999618530273,2.4800000190734863,2.2699999809265137,2.4800000190734863,191100
2023-10-26,2.2799999713897705,2.3350000381469727,2.1700000762939453,2.2799999713897705,153600
2023-10-27,2.3399999141693115,2.4100000858306885,2.2899999618530273,2.3299999237060547,160100
2023-10-30,2.490000009536743,2.515000104904175,2.3550000190734863,2.369999885559082,247500
2023-10-31,2.509999990463257,2.549999952316284,2.3910000324249268,2.4700000286102295,217300
2023-11-01,2.4100000858306885,2.5199999809265137,2.309999942779541,2.5199999809265137,217000
2023-11-02,2.569999933242798,2.677999973297119,2.4549999237060547,2.4700000286102295,278400
2023-11-03,2.5999999046325684,2.6989998817443848,2.490000009536743,2.5999999046325684,273100
2023-11-06,2.569999933242798,2.640000104904175,2.5250000953674316,2.630000114440918,152400
2023-11-07,2.7300000190734863,2.7300000190734863,2.5799999237060547,2.5799999237060547,277900
2023-11-08,2.059999942779541,2.5910000801086426,2.0450000762939453,2.5,771000
2023-11-09,1.8300000429153442,2.109999895095825,1.5399999618530273,2.069999933242798,1111000
2023-11-10,1.6399999856948853,1.850000023841858,1.600000023841858,1.850000023841858,751400
2023-11-13,1.9800000190734863,1.9900000095367432,1.6200000047683716,1.6399999856948853,712600
2023-11-14,2.069999933242798,2.130000114440918,1.9600000381469727,2.0,587600
2023-11-15,1.940000057220459,2.119999885559082,1.909999966621399,2.0899999141693115,417700
2023-11-16,1.8300000429153442,1.934999942779541,1.7450000047683716,1.9299999475479126,253500
2023-11-17,2.0399999618530273,2.109999895095825,1.809999942779541,1.850000023841858,618400
2023-11-20,2.1700000762939453,2.2950000762939453,2.059999942779541,2.0999999046325684,614200
2023-11-21,2.1500000953674316,2.25,2.049999952316284,2.240000009536743,324400
2023-11-22,2.2300000190734863,2.2799999713897705,2.180000066757202,2.180000066757202,210300
2023-11-24,2.190000057220459,2.265000104904175,2.1600000858306885,2.2200000286102295,137600
2023-11-27,2.190000057220459,2.315000057220459,2.1700000762939453,2.190000057220459,310600
2023-11-28,2.240000009536743,2.255000114440918,2.0899999141693115,2.190000057220459,277400
2023-11-29,2.184999942779541,2.559999942779541,2.1600000858306885,2.3499999046325684,495900
2023-11-30,2.069999933242798,2.240000009536743,2.0450000762939453,2.2300000190734863,224900
2023-12-01,2.369999885559082,2.450000047683716,2.049999952316284,2.059999942779541,499400
2023-12-04,2.259999990463257,2.490000009536743,2.190000057220459,2.3499999046325684,442300
2023-12-05,2.259999990463257,2.299999952316284,2.200000047683716,2.25,257300
2023-12-06,2.2300000190734863,2.4200000762939453,2.2149999141693115,2.2699999809265137,247000
2023-12-07,2.200000047683716,2.2699999809265137,2.140000104904175,2.2699999809265137,204600
2023-12-08,2.200000047683716,2.259999990463257,2.130000114440918,2.180000066757202,241700
2023-12-11,2.119999885559082,2.234999895095825,2.119999885559082,2.1700000762939453,262100
2023-12-12,2.119999885559082,2.1700000762939453,2.0350000858306885,2.1700000762939453,151300
2023-12-13,2.190000057220459,2.190000057220459,1.9500000476837158,2.109999895095825,366100
2023-12-14,2.009999990463257,2.2699999809265137,1.9700000286102295,2.109999895095825,528200
2023-12-15,2.0299999713897705,2.0999999046325684,2.009999990463257,2.0299999713897705,399100
2023-12-18,1.899999976158142,2.0399999618530273,1.899999976158142,2.0199999809265137,475700
2023-12-19,1.9299999475479126,2.0,1.899999976158142,1.909999966621399,411800
2023-12-20,1.7999999523162842,1.9500000476837158,1.7799999713897705,1.909999966621399,447800
2023-12-21,1.9199999570846558,1.9299999475479126,1.7899999618530273,1.7899999618530273,345500
2023-12-22,2.0199999809265137,2.0399999618530273,1.909999966621399,1.9500000476837158,377400
2023-12-26,2.0399999618530273,2.115000009536743,2.009999990463257,2.0299999713897705,291900
2023-12-27,2.0199999809265137,2.059999942779541,1.9800000190734863,2.049999952316284,318800
2023-12-28,1.9199999570846558,2.069999933242798,1.9110000133514404,2.0199999809265137,458700
2023-12-29,1.809999942779541,1.9199999570846558,1.7910000085830688,1.9199999570846558,497800
2024-01-02,1.8200000524520874,1.9299999475479126,1.7899999618530273,1.8899999856948853,430800
2024-01-03,1.7100000381469727,1.809999942779541,1.7100000381469727,1.7599999904632568,317300
2024-01-04,1.7300000190734863,1.7869999408721924,1.7100000381469727,1.7200000286102295,239700
2024-01-05,1.659999966621399,1.809000015258789,1.649999976158142,1.75,279400
2024-01-08,1.649999976158142,1.659999966621399,1.600000023841858,1.659999966621399,302700
2024-01-09,1.4850000143051147,1.649999976158142,1.4800000190734863,1.6299999952316284,363600
2024-01-10,1.7200000286102295,1.8700000047683716,1.5,1.5299999713897705,658100
2024-01-11,1.649999976158142,1.7400000095367432,1.5499999523162842,1.7000000476837158,403900
2024-01-12,1.7949999570846558,1.8300000429153442,1.590000033378601,1.690000057220459,687800
2024-01-16,1.6799999475479126,1.7619999647140503,1.600000023841858,1.7300000190734863,294700
2024-01-17,1.6950000524520874,1.7300000190734863,1.625,1.6699999570846558,158500
2024-01-18,1.649999976158142,1.7200000286102295,1.600000023841858,1.7200000286102295,374900
2024-01-19,1.690000057220459,1.6920000314712524,1.559999942779541,1.6399999856948853,269200
2024-01-22,1.850000023841858,1.850000023841858,1.690000057220459,1.7000000476837158,339100
2024-01-23,1.8700000047683716,1.940000057220459,1.809999942779541,1.809999942779541,322500
2024-01-24,1.815000057220459,1.9900000095367432,1.7899999618530273,1.9500000476837158,354100
2024-01-25,1.7949999570846558,1.8799999952316284,1.7649999856948853,1.7999999523162842,237400
2024-01-26,1.7000000476837158,1.7999999523162842,1.690000057220459,1.7999999523162842,232100
2024-01-29,1.7949999570846558,1.7999999523162842,1.6649999618530273,1.7300000190734863,142500
2024-01-30,1.7699999809265137,1.7899999618530273,1.6649999618530273,1.7899999618530273,258000
2024-01-31,1.649999976158142,1.7649999856948853,1.649999976158142,1.7599999904632568,212900
2024-02-01,1.7000000476837158,1.840000033378601,1.690000057220459,1.7400000095367432,323700
2024-02-02,1.7799999713897705,1.7899999618530273,1.690000057220459,1.690000057220459,261600
2024-02-05,1.7000000476837158,1.784000039100647,1.684999942779541,1.7400000095367432,134000
2024-02-06,1.7899999618530273,1.8600000143051147,1.7000000476837158,1.7000000476837158,208400
2024-02-07,1.7200000286102295,1.7999999523162842,1.7200000286102295,1.7899999618530273,177300
2024-02-08,1.7300000190734863,1.7450000047683716,1.6649999618530273,1.7200000286102295,256200
2024-02-09,1.8799999952316284,1.9149999618530273,1.7300000190734863,1.7699999809265137,451300
2024-02-12,1.9900000095367432,2.0899999141693115,1.8919999599456787,1.899999976158142,610300
2024-02-13,2.200000047683716,2.25,1.7799999713897705,1.899999976158142,923100
2024-02-14,2.4549999237060547,2.559999942779541,2.2200000286102295,2.2300000190734863,1116400
2024-02-15,2.5950000286102295,2.5999999046325684,2.299999952316284,2.5199999809265137,823400
2024-02-16,2.509999990463257,2.625,2.309999942779541,2.5899999141693115,724600
2024-02-20,2.309999942779541,2.5399999618530273,2.2899999618530273,2.4600000381469727,502000
2024-02-21,1.940000057220459,2.2899999618530273,1.8899999856948853,2.259999990463257,678700
2024-02-22,1.9450000524520874,2.049999952316284,1.9199999570846558,1.9700000286102295,423300
2024-02-23,1.7949999570846558,1.9600000381469727,1.75,1.9600000381469727,391700
2024-02-26,1.850000023841858,1.8600000143051147,1.7699999809265137,1.7799999713897705,236900
2024-02-27,2.140000104904175,2.200000047683716,1.850000023841858,1.909999966621399,660700
2024-02-28,2.0450000762939453,2.2300000190734863,2.0199999809265137,2.140000104904175,440400
2024-02-29,2.2899999618530273,2.2950000762939453,2.0899999141693115,2.119999885559082,470300
2024-03-01,2.25,2.3299999237060547,2.109999895095825,2.2899999618530273,437000
2024-03-04,2.299999952316284,2.434999942779541,2.2300000190734863,2.299999952316284,425600
2024-03-05,1.9700000286102295,2.299999952316284,1.8899999856948853,2.2899999618530273,581900
2024-03-06,2.0999999046325684,2.1449999809265137,2.0,2.0,341200
2024-03-07,2.190000057220459,2.2300000190734863,2.109999895095825,2.180000066757202,259100
2024-03-08,2.240000009536743,2.325000047683716,2.121000051498413,2.2300000190734863,451600
2024-03-11,1.8450000286102295,2.359999895095825,1.840000033378601,2.299999952316284,691400
2024-03-12,1.7100000381469727,1.9299999475479126,1.6549999713897705,1.8600000143051147,904200
2024-03-13,2.1700000762939453,3.069000005722046,1.7430000305175781,1.7899999618530273,23257100
2024-03-14,2.7300000190734863,3.0899999141693115,2.2100000381469727,2.240000009536743,22703200
2024-03-15,3.880000114440918,3.9000000953674316,2.7300000190734863,2.740000009536743,13716700
2024-03-18,3.450000047683716,4.300000190734863,2.819999933242798,4.260000228881836,8336700
2024-03-19,3.9149999618530273,4.25,3.109999895095825,3.1500000953674316,5811200
2024-03-20,3.9600000381469727,4.46999979019165,3.6600000858306885,3.9100000858306885,4759800
2024-03-21,3.6700000762939453,4.059999942779541,3.509999990463257,4.0,2372200
2024-03-22,4.869999885559082,5.179999828338623,3.680000066757202,3.680000066757202,8413600
2024-03-25,5.010000228881836,5.480000019073486,4.320000171661377,4.869999885559082,4542200
2024-03-26,6.159999847412109,6.380000114440918,4.711999893188477,5.099999904632568,9402400
2024-03-27,5.760000228881836,6.989999771118164,5.579999923706055,6.010000228881836,5761400
2024-03-28,5.260000228881836,5.989999771118164,4.929999828338623,5.510000228881836,4122400
2024-04-01,5.360000133514404,5.699999809265137,5.199999809265137,5.21999979019165,1555200
2024-04-02,6.039999961853027,6.090000152587891,4.829999923706055,5.269999980926514,2840400
2024-04-03,6.449999809265137,6.5,5.730000019073486,5.940000057220459,2428100
2024-04-04,6.869999885559082,7.760000228881836,6.510000228881836,6.519999980926514,5382600
2024-04-05,6.534999847412109,6.940000057220459,6.159999847412109,6.5,2282100
2024-04-08,6.96999979019165,7.170000076293945,6.15500020980835,6.300000190734863,1965000
2024-04-09,6.389999866485596,7.170000076293945,6.260000228881836,6.96999979019165,1655900
2024-04-10,5.239999771118164,6.427999973297119,5.150000095367432,6.230000019073486,3712200
2024-04-11,4.71999979019165,5.355999946594238,4.449999809265137,5.130000114440918,3454500
2024-04-12,4.860000133514404,5.130000114440918,4.579999923706055,4.739999771118164,1787200
2024-04-15,4.570000171661377,5.059999942779541,4.519999980926514,4.75,1105200
2024-04-16,4.375,4.938000202178955,4.360000133514404,4.440000057220459,1305600
2024-04-17,3.7799999713897705,4.586999893188477,3.5199999809265137,4.380000114440918,2839200
2024-04-18,3.8499999046325684,4.03000020980835,3.640000104904175,3.7899999618530273,766900
2024-04-19,3.6600000858306885,3.9000000953674316,3.5199999809265137,3.7100000381469727,779900
2024-04-22,3.559999942779541,3.8299999237060547,3.3299999237060547,3.7200000286102295,1035000
2024-04-23,3.8299999237060547,4.050000190734863,3.4800000190734863,3.4800000190734863,1017000
2024-04-24,3.559999942779541,3.992000102996826,3.430999994277954,3.9700000286102295,1401400
2024-04-25,3.4149999618530273,3.5299999713897705,3.309999942779541,3.430000066757202,508700
2024-04-26,3.509999990463257,3.690000057220459,3.309999942779541,3.4600000381469727,764800
2024-04-29,3.4100000858306885,3.819999933242798,3.3299999237060547,3.5799999237060547,907800
2024-04-30,3.2699999809265137,3.4700000286102295,3.2200000286102295,3.450000047683716,740900
2024-05-01,3.2200000286102295,3.4100000858306885,3.119999885559082,3.259999990463257,1012300
2024-05-02,3.2750000953674316,3.3299999237060547,3.1500000953674316,3.2300000190734863,490500
2024-05-03,3.359999895095825,3.630000114440918,3.319999933242798,3.4000000953674316,491000
2024-05-06,3.490000009536743,3.5,3.240999937057495,3.369999885559082,686200
2024-05-07,3.3299999237060547,3.630000114440918,3.299999952316284,3.5999999046325684,997300
2024-05-08,3.7300000190734863,4.550000190734863,3.359999895095825,3.5999999046325684,5632400
2024-05-09,3.609999895095825,4.179999828338623,3.4700000286102295,3.799999952316284,1551800
2024-05-10,3.1500000953674316,3.7100000381469727,3.049999952316284,3.609999895095825,1239400
2024-05-13,3.3499999046325684,3.450000047683716,3.069999933242798,3.069999933242798,770400
2024-05-14,3.299999952316284,3.569999933242798,3.259999990463257,3.259999990463257,735100
2024-05-15,3.2300000190734863,3.4600000381469727,3.0999999046325684,3.390000104904175,947300
2024-05-16,3.119999885559082,3.2899999618530273,3.1050000190734863,3.2699999809265137,408700
2024-05-17,3.059999942779541,3.180000066757202,2.9700000286102295,3.1500000953674316,652800
2024-05-20,3.130000114440918,3.184999942779541,2.9700000286102295,3.069999933242798,480400
2024-05-21,3.069999933242798,3.135999917984009,2.9800000190734863,3.130000114440918,392700
2024-05-22,3.2799999713897705,3.309999942779541,3.0399999618530273,3.0399999618530273,709500
2024-05-23,3.069999933242798,3.3499999046325684,2.990000009536743,3.319999933242798,701300
2024-05-24,3.069999933242798,3.2100000381469727,3.0299999713897705,3.0999999046325684,361400
2024-05-28,2.9800000190734863,3.1600000858306885,2.869999885559082,3.059999942779541,1040200
2024-05-29,2.9200000762939453,2.950000047683716,2.809999942779541,2.9100000858306885,691900
2024-05-30,2.9700000286102295,3.0299999713897705,2.8399999141693115,2.9600000381469727,619700
2024-05-31,2.950000047683716,3.0,2.869999885559082,2.990000009536743,1256300
2024-06-03,2.940000057220459,3.069999933242798,2.859999895095825,2.990000009536743,463400
2024-06-04,2.7100000381469727,2.9200000762939453,2.640000104904175,2.9000000953674316,718400
2024-06-05,2.674999952316284,2.75,2.609999895095825,2.7200000286102295,320700
2024-06-06,2.5299999713897705,2.690000057220459,2.430000066757202,2.6500000953674316,630000
2024-06-07,2.5,2.6600000858306885,2.4700000286102295,2.5199999809265137,341500
2024-06-10,2.630000114440918,2.6600000858306885,2.5,2.509999990463257,376700
2024-06-11,2.630000114440918,2.6600000858306885,2.5209999084472656,2.5999999046325684,295100
2024-06-12,2.680000066757202,2.7799999713897705,2.6600000858306885,2.7300000190734863,378900
2024-06-13,2.4549999237060547,2.5899999141693115,2.4000000953674316,2.5399999618530273,418700
2024-06-14,2.5799999237060547,2.6600000858306885,2.440000057220459,2.490000009536743,398100
2024-06-17,2.5450000762939453,2.5999999046325684,2.450000047683716,2.5899999141693115,407600
2024-06-18,2.509999990463257,2.634999990463257,2.490000009536743,2.5199999809265137,402000
2024-06-20,2.5,2.749000072479248,2.5,2.5799999237060547,425300
2024-06-21,2.4000000953674316,2.5899999141693115,2.369999885559082,2.509999990463257,665700
2024-06-24,2.369999885559082,2.4000000953674316,2.25,2.369999885559082,416700
2024-06-25,2.5799999237060547,2.5950000286102295,2.309999942779541,2.3499999046325684,518800
2024-06-26,2.7100000381469727,2.8399999141693115,2.569999933242798,2.5799999237060547,652900
2024-06-27,2.4800000190734863,2.7899999618530273,2.4600000381469727,2.7899999618530273,574600
2024-06-28,2.259999990463257,2.5799999237060547,2.259999990463257,2.5,3831900
2024-07-01,2.2699999809265137,2.4200000762939453,2.240000009536743,2.390000104904175,715300
2024-07-02,2.3299999237060547,2.359999895095825,2.25,2.2899999618530273,348700
2024-07-03,2.3499999046325684,2.378999948501587,2.2899999618530273,2.3299999237060547,149600
2024-07-05,2.569999933242798,2.5799999237060547,2.299999952316284,2.3299999237060547,439200
2024-07-08,2.7799999713897705,2.8450000286102295,2.5999999046325684,2.619999885559082,507600
2024-07-09,2.799999952316284,2.937999963760376,2.690000057220459,2.7699999809265137,430100
2024-07-10,3.1500000953674316,3.2200000286102295,2.8299999237060547,2.8299999237060547,846600
2024-07-11,2.9100000858306885,3.2200000286102295,2.809999942779541,3.1500000953674316,766400
2024-07-12,3.055000066757202,3.069999933242798,2.859999895095825,2.950000047683716,397600
2024-07-15,3.069999933242798,3.3499999046325684,2.950000047683716,3.0799999237060547,833200
2024-07-16,3.3299999237060547,3.427000045776367,2.9800000190734863,3.109999895095825,735200
2024-07-17,3.049999952316284,3.369999885559082,2.990999937057495,3.2200000286102295,545700
2024-07-18,2.7699999809265137,3.1089999675750732,2.75,3.049999952316284,481300
2024-07-19,2.7100000381469727,2.8489999771118164,2.6500000953674316,2.7300000190734863,315300
2024-07-22,3.0399999618530273,3.069999933242798,2.700000047683716,2.700000047683716,545500
2024-07-23,3.25,3.309999942779541,3.0199999809265137,3.0799999237060547,481700
2024-07-24,2.9149999618530273,3.2200000286102295,2.880000114440918,3.119999885559082,366200
2024-07-25,3.069999933242798,3.190000057220459,2.890000104904175,2.9100000858306885,327100
2024-07-26,2.9600000381469727,3.2100000381469727,2.9200000762939453,3.130000114440918,233500
2024-07-29,2.865000009536743,3.009999990463257,2.819999933242798,2.9600000381469727,416700
2024-07-30,2.619999885559082,3.0,2.609999895095825,2.9000000953674316,467200
2024-07-31,2.630000114440918,2.75,2.5899999141693115,2.680000066757202,322400
2024-08-01,2.5199999809265137,2.7300000190734863,2.4800000190734863,2.700000047683716,379300
2024-08-02,2.430000066757202,2.5,2.3499999046325684,2.4100000858306885,345900
2024-08-05,2.25,2.3299999237060547,2.0299999713897705,2.190000057220459,575600
2024-08-06,2.305000066757202,2.4000000953674316,2.25,2.3399999141693115,338200
2024-08-07,2.2799999713897705,2.4100000858306885,2.2200000286102295,2.380000114440918,469000
2024-08-08,2.690000057220459,2.7109999656677246,2.380000114440918,2.4800000190734863,866900
2024-08-09,2.359999895095825,2.640000104904175,2.200000047683716,2.619999885559082,636000
2024-08-12,2.2850000858306885,2.450000047683716,2.25,2.299999952316284,252000
2024-08-13,2.8499999046325684,2.869999885559082,2.319999933242798,2.3499999046325684,1765200
2024-08-14,3.049999952316284,3.5,2.880000114440918,2.9000000953674316,3769100
2024-08-15,3.5299999713897705,3.75,3.061000108718872,3.1600000858306885,2634600
2024-08-16,3.8399999141693115,4.144999980926514,3.490000009536743,3.549999952316284,2819900
2024-08-19,3.7200000286102295,3.890000104904175,3.490000009536743,3.8399999141693115,1111700
2024-08-20,3.75,3.7799999713897705,3.4000000953674316,3.5999999046325684,920300
2024-08-21,3.569999933242798,3.9000000953674316,3.5199999809265137,3.799999952316284,597500
2024-08-22,3.2699999809265137,3.569999933242798,3.200000047683716,3.569999933242798,812400
2024-08-23,3.299999952316284,3.5,3.2300000190734863,3.2899999618530273,518500
2024-08-26,3.069999933242798,3.299999952316284,3.0230000019073486,3.2799999713897705,467300
2024-08-27,2.950000047683716,3.049999952316284,2.869999885559082,3.0,457400
2024-08-28,2.890000104904175,2.944999933242798,2.6549999713897705,2.9000000953674316,593900
2024-08-29,2.930000066757202,2.9700000286102295,2.799999952316284,2.940000057220459,400700
2024-08-30,3.0999999046325684,3.119999885559082,2.865000009536743,3.0,816000
2024-09-03,2.950000047683716,3.1089999675750732,2.8499999046325684,3.0999999046325684,378400
2024-09-04,2.950000047683716,3.0,2.8499999046325684,2.869999885559082,293500
2024-09-05,2.9000000953674316,3.200000047683716,2.9000000953674316,2.9800000190734863,435400
2024-09-06,2.865000009536743,2.9200000762939453,2.752000093460083,2.9000000953674316,308100
2024-09-09,2.890000104904175,2.9200000762939453,2.809999942779541,2.880000114440918,177000
2024-09-10,2.994999885559082,3.0999999046325684,2.869999885559082,2.9200000762939453,368800
2024-09-11,3.009999990463257,3.015000104904175,2.865000009536743,3.009999990463257,174200
2024-09-12,3.369999885559082,3.5999999046325684,3.0299999713897705,3.049999952316284,1482600
2024-09-13,3.4100000858306885,3.7200000286102295,3.3499999046325684,3.4200000762939453,797100
2024-09-16,3.6700000762939453,3.7699999809265137,3.250999927520752,3.369999885559082,730800
2024-09-17,3.8399999141693115,3.930000066757202,3.640000104904175,3.740000009536743,710200
2024-09-18,3.619999885559082,4.0,3.619999885559082,3.8499999046325684,873700
2024-09-19,3.859999895095825,3.9700000286102295,3.680000066757202,3.880000114440918,544400
2024-09-20,3.680000066757202,3.9200000762939453,3.5799999237060547,3.809999942779541,296900
2024-09-23,3.4100000858306885,3.700000047683716,3.309999942779541,3.700000047683716,375800
2024-09-24,3.75,3.8299999237060547,3.434999942779541,3.490000009536743,481500
2024-09-25,3.619999885559082,3.7799999713897705,3.569999933242798,3.75,218000
2024-09-26,3.7699999809265137,3.8399999141693115,3.4700000286102295,3.6500000953674316,323100
2024-09-27,3.75,3.9200000762939453,3.640000104904175,3.799999952316284,346500
2024-09-30,3.5899999141693115,3.75,3.509999990463257,3.75,212900
2024-10-01,3.4700000286102295,3.5899999141693115,3.369999885559082,3.5399999618530273,354900
2024-10-02,3.5299999713897705,3.5299999713897705,3.369999885559082,3.440000057220459,174200
2024-10-03,3.609999895095825,3.880000114440918,3.450000047683716,3.5199999809265137,698200
2024-10-04,4.050000190734863,4.074999809265137,3.6449999809265137,3.7200000286102295,844700
2024-10-07,3.7300000190734863,4.440000057220459,3.690000057220459,4.050000190734863,1404600
2024-10-08,4.190000057220459,4.239999771118164,3.6600000858306885,3.7300000190734863,1293500
2024-10-09,4.510000228881836,4.699999809265137,4.199999809265137,4.25,1901800
2024-10-10,4.619999885559082,4.690000057220459,4.289999961853027,4.559999942779541,984600
2024-10-11,4.130000114440918,5.635000228881836,4.03000020980835,4.769999980926514,4454600
2024-10-14,4.239999771118164,4.377999782562256,4.0,4.059999942779541,819200
2024-10-15,4.150000095367432,4.269999980926514,4.0,4.25,477600
2024-10-16,4.460000038146973,4.460000038146973,4.039999961853027,4.150000095367432,499200
2024-10-17,4.170000076293945,4.53000020980835,4.119999885559082,4.510000228881836,528100
2024-10-18,4.25,4.489999771118164,4.119999885559082,4.119999885559082,575500
2024-10-21,4.119999885559082,4.309999942779541,4.050000190734863,4.309999942779541,442300
2024-10-22,4.239999771118164,4.304999828338623,3.802999973297119,4.139999866485596,1530200
2024-10-23,3.384999990463257,4.025000095367432,3.2699999809265137,4.0,2657000
2024-10-24,3.4000000953674316,3.575000047683716,3.2950000762939453,3.450000047683716,775900
2024-10-25,3.4700000286102295,3.559999942779541,3.2899999618530273,3.4000000953674316,597000
2024-10-28,3.8499999046325684,3.880000114440918,3.490000009536743,3.509999990463257,990900
2024-10-29,3.700000047683716,4.150000095367432,3.6549999713897705,3.8499999046325684,1066800
2024-10-30,3.4200000762939453,3.759999990463257,3.4200000762939453,3.630000114440918,623400
2024-10-31,3.25,3.4049999713897705,3.1500000953674316,3.3399999141693115,822600
2024-11-01,3.259999990463257,3.4549999237060547,3.25,3.3299999237060547,412900
2024-11-04,3.130000114440918,3.359999895095825,3.119999885559082,3.2899999618530273,445200
2024-11-05,3.309999942779541,3.319999933242798,3.055000066757202,3.130000114440918,523600
2024-11-06,3.3550000190734863,3.5199999809265137,3.2100000381469727,3.5199999809265137,467800
2024-11-07,3.6600000858306885,3.7100000381469727,3.3399999141693115,3.359999895095825,717300
2024-11-08,3.569999933242798,3.619999885559082,3.4000000953674316,3.619999885559082,354600
2024-11-11,3.740000009536743,3.799999952316284,3.5320000648498535,3.619999885559082,813400
2024-11-12,2.8450000286102295,3.5999999046325684,2.809999942779541,3.5899999141693115,2016700
2024-11-13,3.180000066757202,3.309999942779541,2.880000114440918,2.930000066757202,1165600
2024-11-14,3.059999942779541,3.259999990463257,3.0199999809265137,3.200000047683716,629500
2024-11-15,3.059999942779541,3.130000114440918,2.9820001125335693,3.059999942779541,411100
2024-11-18,2.9700000286102295,3.119999885559082,2.950000047683716,3.069999933242798,475700
2024-11-19,2.9200000762939453,3.0250000953674316,2.809999942779541,2.9000000953674316,565700
2024-11-20,2.6700000762939453,2.8499999046325684,2.619999885559082,2.819999933242798,802500
2024-11-21,2.734999895095825,2.75,2.630000114440918,2.7200000286102295,518900
2024-11-22,2.7300000190734863,2.825000047683716,2.700000047683716,2.7699999809265137,539200
2024-11-25,2.75,2.9000000953674316,2.7300000190734863,2.8399999141693115,427400
2024-11-26,2.7300000190734863,2.9079999923706055,2.700000047683716,2.8499999046325684,513400
2024-11-27,2.6700000762939453,2.7300000190734863,2.609999895095825,2.700000047683716,459700
2024-11-29,2.640000104904175,2.7699999809265137,2.619999885559082,2.7200000286102295,334400
2024-12-02,2.6500000953674316,2.740000009536743,2.615000009536743,2.700000047683716,539700
2024-12-03,2.569999933242798,2.6700000762939453,2.484999895095825,2.6700000762939453,497100
2024-12-04,2.630000114440918,2.6700000762939453,2.5299999713897705,2.5899999141693115,409500
2024-12-05,2.5899999141693115,2.7300000190734863,2.5799999237060547,2.6600000858306885,752100
2024-12-06,2.630000114440918,2.799999952316284,2.5999999046325684,2.6500000953674316,1396900
2024-12-09,2.6500000953674316,2.869999885559082,2.625,2.7899999618530273,1662500
2024-12-10,2.619999885559082,2.688999891281128,2.5999999046325684,2.630000114440918,734800
2024-12-11,2.5199999809265137,2.6500000953674316,2.4200000762939453,2.619999885559082,1217800
2024-12-12,2.430000066757202,2.549999952316284,2.380000114440918,2.450000047683716,854000
2024-12-13,2.5899999141693115,2.6700000762939453,2.369999885559082,2.440000057220459,1423500
2024-12-16,2.4600000381469727,2.6500000953674316,2.319999933242798,2.6500000953674316,1543600
2024-12-17,2.369999885559082,2.5199999809265137,2.3499999046325684,2.450000047683716,822700
2024-12-18,2.190000057220459,2.4600000381469727,2.130000114440918,2.380000114440918,1625700
2024-12-19,2.180000066757202,2.2899999618530273,2.1500000953674316,2.200000047683716,785200
2024-12-20,2.299999952316284,2.3499999046325684,2.1410000324249268,2.1600000858306885,601000
2024-12-23,2.309999942779541,2.3499999046325684,2.2100000381469727,2.3499999046325684,462200
2024-12-24,2.5299999713897705,2.549999952316284,2.315000057220459,2.3299999237060547,761400
2024-12-26,3.359999895095825,3.430000066757202,2.5390000343322754,2.6700000762939453,5742800
2024-12-27,3.5299999713897705,3.7300000190734863,3.180000066757202,3.700000047683716,2940500
2024-12-30,3.9200000762939453,4.099999904632568,3.240000009536743,3.549999952316284,2645000
2024-12-31,3.2799999713897705,4.010000228881836,3.1700000762939453,3.990000009536743,1975700
2025-01-02,3.200000047683716,3.4200000762939453,2.630000114440918,3.009999990463257,2334900
2025-01-03,3.5299999713897705,3.559999942779541,3.0199999809265137,3.259999990463257,1449300
2025-01-06,3.5999999046325684,3.8399999141693115,3.4809999465942383,3.5899999141693115,1658200
2025-01-07,3.369999885559082,3.7799999713897705,3.3350000381469727,3.640000104904175,1111600
2025-01-08,2.930000066757202,3.2699999809265137,2.9200000762939453,3.200000047683716,980100
2025-01-10,2.9600000381469727,3.069999933242798,2.8550000190734863,2.930000066757202,543400
2025-01-13,2.7699999809265137,2.880000114440918,2.6500000953674316,2.8299999237060547,835900
2025-01-14,2.759999990463257,2.984999895095825,2.755000114440918,2.8499999046325684,559000
2025-01-15,2.859999895095825,2.9700000286102295,2.7799999713897705,2.7799999713897705,946200
2025-01-16,2.700000047683716,2.9000000953674316,2.6700000762939453,2.869999885559082,811100
2025-01-17,2.7100000381469727,2.819999933242798,2.680000066757202,2.759999990463257,508100
2025-01-21,2.984999895095825,3.1500000953674316,2.7300000190734863,2.819999933242798,1090600
2025-01-22,3.180000066757202,3.2699999809265137,3.0260000228881836,3.069999933242798,1535400
2025-01-23,3.1500000953674316,3.1989998817443848,2.9800000190734863,3.1500000953674316,975500
2025-01-24,2.9800000190734863,3.234999895095825,2.9700000286102295,3.049999952316284,796100
2025-01-27,2.8299999237060547,2.990000009536743,2.7300000190734863,2.880000114440918,704200
2025-01-28,2.859999895095825,2.9100000858306885,2.7300000190734863,2.8499999046325684,290400
2025-01-29,2.9700000286102295,2.9800000190734863,2.799999952316284,2.9100000858306885,444800
2025-01-30,3.0899999141693115,3.200000047683716,2.9800000190734863,3.0,798400
2025-01-31,3.049999952316284,3.2279999256134033,3.000999927520752,3.140000104904175,548500
2025-02-03,3.2799999713897705,3.365000009536743,2.9000000953674316,2.9100000858306885,1066800
2025-02-04,3.450000047683716,3.549999952316284,3.2100000381469727,3.2100000381469727,734700
2025-02-05,3.390000104904175,3.450000047683716,3.2799999713897705,3.440000057220459,595700
2025-02-06,3.2300000190734863,3.430000066757202,3.200000047683716,3.319999933242798,505100
2025-02-07,3.5,3.575000047683716,3.140000104904175,3.2300000190734863,1021600
2025-02-10,3.490000009536743,3.680000066757202,3.430000066757202,3.5799999237060547,803300
2025-02-11,3.2899999618530273,3.4690001010894775,3.25,3.319999933242798,580100
2025-02-12,3.369999885559082,3.4600000381469727,3.180000066757202,3.200000047683716,475700
2025-02-13,3.734999895095825,3.7899999618530273,3.390000104904175,3.4200000762939453,1115100
2025-02-14,3.450000047683716,3.7799999713897705,3.3399999141693115,3.7699999809265137,1090400
2025-02-18,3.319999933242798,3.609999895095825,3.2899999618530273,3.5,876300
2025-02-19,3.005000114440918,3.380000114440918,2.9700000286102295,3.380000114440918,925400
2025-02-20,2.944999933242798,3.0799999237060547,2.859999895095825,3.0,512100
2025-02-21,2.8450000286102295,2.989000082015991,2.809999942779541,2.9800000190734863,770400
2025-02-24,2.690000057220459,2.940000057220459,2.680000066757202,2.940000057220459,884800
2025-02-25,2.4600000381469727,2.700000047683716,2.444999933242798,2.6500000953674316,982400
2025-02-26,2.75,2.759999990463257,2.4600000381469727,2.5,700000
2025-02-27,2.680000066757202,2.8299999237060547,2.630000114440918,2.8299999237060547,383200
2025-02-28,2.759999990463257,2.759999990463257,2.5299999713897705,2.640000104904175,478400
2025-03-03,2.4800000190734863,2.7899999618530273,2.434999942779541,2.740000009536743,698900
2025-03-04,2.440000057220459,2.5399999618530273,2.369999885559082,2.4200000762939453,526100
2025-03-05,2.569999933242798,2.5899999141693115,2.430000066757202,2.4600000381469727,307400
2025-03-06,2.4700000286102295,2.6700000762939453,2.4649999141693115,2.4800000190734863,372400
2025-03-07,2.490000009536743,2.5769999027252197,2.369999885559082,2.4800000190734863,315300
2025-03-10,2.3399999141693115,2.450000047683716,2.2300000190734863,2.450000047683716,664400
2025-03-11,2.359999895095825,2.424999952316284,2.2799999713897705,2.309999942779541,315700
2025-03-12,2.4200000762939453,2.4700000286102295,2.365000009536743,2.390000104904175,322200
2025-03-13,2.3399999141693115,2.430000066757202,2.319999933242798,2.4200000762939453,257200
2025-03-14,2.609999895095825,2.630000114440918,2.2699999809265137,2.2699999809265137,546700
2025-03-17,2.7799999713897705,2.880000114440918,2.6600000858306885,2.7300000190734863,675900
2025-03-18,2.5999999046325684,2.742000102996826,2.5,2.680000066757202,446900
2025-03-19,2.75,2.7699999809265137,2.630000114440918,2.6500000953674316,389000
2025-03-20,2.7100000381469727,2.7950000762939453,2.680000066757202,2.75,207500
2025-03-21,2.759999990463257,2.819999933242798,2.6010000705718994,2.619999885559082,453400
2025-03-24,2.759999990463257,2.8499999046325684,2.690000057220459,2.819999933242798,300600
2025-03-25,2.809999942779541,2.880000114440918,2.700000047683716,2.75,447300
2025-03-26,2.6600000858306885,2.8239998817443848,2.6500000953674316,2.7799999713897705,361100
2025-03-27,2.740000009536743,2.8350000381469727,2.6500000953674316,2.680000066757202,382200
2025-03-28,2.549999952316284,2.7300000190734863,2.5,2.7300000190734863,494500
2025-03-31,2.325000047683716,2.506999969482422,2.2799999713897705,2.490000009536743,506800
2025-04-01,2.3299999237060547,2.3949999809265137,2.259999990463257,2.3399999141693115,394500
2025-04-02,2.369999885559082,2.440000057220459,2.2799999713897705,2.309999942779541,401600
2025-04-03,2.240000009536743,2.319999933242798,2.1519999504089355,2.2300000190734863,600400
2025-04-04,2.0450000762939453,2.200000047683716,1.899999976158142,2.190000057220459,893400
2025-04-07,2.2049999237060547,2.25,1.8600000143051147,1.909999966621399,737600
2025-04-08,2.0399999618530273,2.2890000343322754,1.9600000381469727,2.2799999713897705,484000
2025-04-09,2.2699999809265137,2.3299999237060547,1.9600000381469727,2.049999952316284,457900
2025-04-10,2.25,2.2899999618530273,2.1510000228881836,2.240000009536743,405900
2025-04-11,2.180000066757202,2.380000114440918,2.0999999046325684,2.2799999713897705,367200
2025-04-14,2.1700000762939453,2.25,2.0799999237060547,2.2100000381469727,370100
2025-04-15,2.2200000286102295,2.25,2.140000104904175,2.200000047683716,296500
2025-04-16,2.119999885559082,2.2200000286102295,2.0799999237060547,2.1500000953674316,322000
2025-04-17,2.1600000858306885,2.234999895095825,2.1050000190734863,2.130000114440918,254300
2025-04-21,2.0899999141693115,2.200000047683716,2.049999952316284,2.1600000858306885,212800
2025-04-22,2.140000104904175,2.1600000858306885,2.069999933242798,2.119999885559082,263700
2025-04-23,2.190000057220459,2.3499999046325684,2.190000057220459,2.25,429800
2025-04-24,2.2799999713897705,2.3299999237060547,2.200000047683716,2.200000047683716,268900
2025-04-25,2.2699999809265137,2.3399999141693115,2.190000057220459,2.3299999237060547,503700
2025-04-28,2.069999933242798,2.325000047683716,2.059999942779541,2.25,569100
2025-04-29,2.0399999618530273,2.119999885559082,2.0250000953674316,2.069999933242798,633300
2025-04-30,2.0399999618530273,2.049999952316284,1.940000057220459,2.009999990463257,386000
2025-05-01,2.0299999713897705,2.0999999046325684,2.0199999809265137,2.059999942779541,377600
2025-05-02,2.0399999618530273,2.0989999771118164,2.0399999618530273,2.049999952316284,311900
2025-05-05,1.9800000190734863,2.0399999618530273,1.9500000476837158,2.0,284900
2025-05-06,1.8700000047683716,1.9910000562667847,1.850000023841858,1.9500000476837158,545600
2025-05-07,1.8600000143051147,1.9149999618530273,1.850000023841858,1.8600000143051147,399100
2025-05-08,1.9900000095367432,2.049999952316284,1.9299999475479126,1.9299999475479126,1115300
2025-05-09,1.809999942779541,1.9500000476837158,1.7699999809265137,1.9500000476837158,1136300
2025-05-12,1.809999942779541,1.899999976158142,1.774999976158142,1.899999976158142,571200
2025-05-13,1.840000033378601,1.8550000190734863,1.75,1.8300000429153442,813200
2025-05-14,1.7699999809265137,1.8700000047683716,1.7599999904632568,1.8700000047683716,642800
2025-05-15,1.7699999809265137,1.8049999475479126,1.7200000286102295,1.7699999809265137,523800
2025-05-16,1.840000033378601,1.8700000047683716,1.7799999713897705,1.809999942779541,609100
2025-05-19,1.7999999523162842,1.8300000429153442,1.7519999742507935,1.809999942779541,370000
2025-05-20,1.7599999904632568,1.8259999752044678,1.7400000095367432,1.7899999618530273,446300
2025-05-21,1.659999966621399,1.75,1.6200000047683716,1.75,619400
2025-05-22,1.7300000190734863,1.7400000095367432,1.6200000047683716,1.659999966621399,341300
2025-05-23,1.7450000047683716,1.7699999809265137,1.659999966621399,1.659999966621399,406200
2025-05-27,1.7200000286102295,1.809999942779541,1.7100000381469727,1.7999999523162842,668800
2025-05-28,1.7100000381469727,1.7799999713897705,1.690000057220459,1.7200000286102295,735100
2025-05-29,1.5549999475479126,1.7400000095367432,1.5299999713897705,1.7400000095367432,1287600
2025-05-30,1.5700000524520874,1.6150000095367432,1.559999942779541,1.559999942779541,635700
2025-06-02,1.4600000381469727,1.559999942779541,1.4500000476837158,1.5499999523162842,1142500
2025-06-03,1.4900000095367432,1.5199999809265137,1.4199999570846558,1.475000023841858,727800
2025-06-04,1.5399999618530273,1.5800000429153442,1.5,1.5,719400
2025-06-05,1.4800000190734863,1.5750000476837158,1.4600000381469727,1.5750000476837158,625500
2025-06-06,1.5,1.5700000524520874,1.4800000190734863,1.4900000095367432,534900
2025-06-09,1.5800000429153442,1.6100000143051147,1.5399999618530273,1.5800000429153442,909800
2025-06-10,1.5499999523162842,1.6150000095367432,1.5,1.5800000429153442,678100
2025-06-11,1.5399999618530273,1.5850000381469727,1.531000018119812,1.5399999618530273,669500
2025-06-12,1.4700000286102295,1.5499999523162842,1.4600000381469727,1.5499999523162842,794800
2025-06-13,1.399999976158142,1.4500000476837158,1.3799999952316284,1.4500000476837158,674600
2025-06-16,1.590000033378601,1.6299999952316284,1.3799999952316284,1.3899999856948853,1578700
2025-06-17,1.4800000190734863,1.600000023841858,1.4600000381469727,1.590000033378601,835000
2025-06-18,1.409999966621399,1.4989999532699585,1.399999976158142,1.4600000381469727,744100
2025-06-20,1.2999999523162842,1.4299999475479126,1.2899999618530273,1.409999966621399,1814900
2025-06-23,1.2200000286102295,1.2999999523162842,1.2200000286102295,1.2999999523162842,1285700
2025-06-24,1.3600000143051147,1.3799999952316284,1.2200000286102295,1.2400000095367432,658800
2025-06-25,1.4249999523162842,1.5099999904632568,1.3899999856948853,1.399999976158142,1997500
2025-06-26,1.4700000286102295,1.5,1.3509999513626099,1.4700000286102295,1491600
2025-06-27,1.4199999570846558,1.5199999809265137,1.3899999856948853,1.4900000095367432,1079200
2025-06-30,1.2599999904632568,1.309999942779541,1.2200000286102295,1.25,4271100
2025-07-01,1.399999976158142,1.5,1.2799999713897705,1.2999999523162842,1714300
2025-07-02,1.4199999570846558,1.434999942779541,1.350000023841858,1.409999966621399,1068900
2025-07-03,1.4900000095367432,1.5549999475479126,1.440000057220459,1.440000057220459,1833800
2025-07-07,1.5199999809265137,1.5449999570846558,1.4550000429153442,1.5,2061000
2025-07-08,1.4800000190734863,1.5889999866485596,1.4600000381469727,1.5099999904632568,1314600
2025-07-09,1.4700000286102295,1.5099999904632568,1.4199999570846558,1.4900000095367432,815600
2025-07-10,1.4800000190734863,1.5049999952316284,1.4249999523162842,1.4800000190734863,1049600
2025-07-11,1.440000057220459,1.5199999809265137,1.4199999570846558,1.4600000381469727,978700
2025-07-14,1.534999966621399,1.559999942779541,1.4299999475479126,1.4500000476837158,1859700
2025-07-15,1.4900000095367432,1.5399999618530273,1.4800000190734863,1.5399999618530273,767600
2025-07-16,1.9800000190734863,2.0299999713897705,1.5010000467300415,1.5199999809265137,5525600
2025-07-17,2.1500000953674316,2.259999990463257,2.0199999809265137,2.25,5539200
2025-07-18,2.259999990463257,2.390000104904175,2.1500000953674316,2.200000047683716,3923000
2025-07-21,2.799999952316284,3.190000057220459,2.5199999809265137,2.5399999618530273,13983500
2025-07-22,2.869999885559082,2.940000057220459,2.5239999294281006,2.9000000953674316,5606700
2025-07-23,2.7899999618530273,2.8989999294281006,2.680000066757202,2.880000114440918,2891900
2025-07-24,2.5399999618530273,2.890000104904175,2.5139999389648438,2.809999942779541,3748400
2025-07-25,2.3499999046325684,2.509999990463257,2.299999952316284,2.484999895095825,2644000
2025-07-28,2.1600000858306885,2.4600000381469727,2.109999895095825,2.4000000953674316,2502400
2025-07-29,1.9800000190734863,2.200000047683716,1.9600000381469727,2.1600000858306885,2330800
2025-07-30,2.0899999141693115,2.180000066757202,1.899999976158142,1.9299999475479126,2079400
2025-07-31,2.2200000286102295,2.2799999713897705,2.0899999141693115,2.119999885559082,1413700
2025-08-01,2.140000104904175,2.184999942779541,2.049999952316284,2.1600000858306885,1204800
2025-08-04,2.4800000190734863,2.4800000190734863,2.1600000858306885,2.180000066757202,2295200
2025-08-05,2.515000104904175,2.559999942779541,2.3499999046325684,2.549999952316284,2143600
2025-08-06,2.299999952316284,2.5350000858306885,2.2699999809265137,2.5199999809265137,1300100
2025-08-07,2.309999942779541,2.380000114440918,2.184999942779541,2.3499999046325684,1557400
2025-08-08,2.8399999141693115,2.8499999046325684,2.365000009536743,2.5299999713897705,6116400
2025-08-11,3.0199999809265137,3.059999942779541,2.559999942779541,2.819999933242798,3557200
2025-08-12,2.740000009536743,3.049999952316284,2.690000057220459,3.049999952316284,3359800
2025-08-13,2.630000114440918,2.8399999141693115,2.569999933242798,2.8299999237060547,2910400
2025-08-14,2.680000066757202,2.740000009536743,2.5799999237060547,2.640000104904175,2486800
2025-08-15,2.630000114440918,2.7799999713897705,2.619999885559082,2.7200000286102295,1456100
2025-08-18,2.569999933242798,2.6640000343322754,2.4700000286102295,2.5999999046325684,1789200
2025-08-19,2.390000104904175,2.5899999141693115,2.3450000286102295,2.569999933242798,1691700
2025-08-20,2.2899999618530273,2.3399999141693115,2.200000047683716,2.3299999237060547,2158200
2025-08-21,2.2799999713897705,2.309999942779541,2.2300000190734863,2.259999990463257,768300
2025-08-22,2.359999895095825,2.4100000858306885,2.2799999713897705,2.2899999618530273,1685100
2025-08-25,2.3499999046325684,2.4100000858306885,2.2699999809265137,2.359999895095825,2077500
2025-08-26,2.9200000762939453,2.9700000286102295,2.369999885559082,2.369999885559082,7541900
2025-08-27,3.0399999618530273,3.200000047683716,2.8299999237060547,2.8980000019073486,5599200
2025-08-28,2.869999885559082,3.0999999046325684,2.8399999141693115,3.009999990463257,2716500
2025-08-29,3.049999952316284,3.069999933242798,2.7100000381469727,2.9000000953674316,3404600
2025-09-02,3.109999895095825,3.109999895095825,2.8299999237060547,3.0,2241100
2025-09-03,2.9600000381469727,3.1600000858306885,2.9100000858306885,3.0999999046325684,1764400
2025-09-04,2.759999990463257,2.950000047683716,2.674999952316284,2.930000066757202,2236700
2025-09-05,2.6600000858306885,2.819999933242798,2.5899999141693115,2.7899999618530273,1520800
2025-09-08,2.630000114440918,2.7100000381469727,2.569999933242798,2.700000047683716,2074400
2025-09-09,3.8399999141693115,3.940000057220459,2.8299999237060547,2.8299999237060547,18153500
2025-09-10,3.640000104904175,4.130000114440918,3.5899999141693115,3.9000000953674316,10275900
2025-09-11,3.5299999713897705,3.549999952316284,3.0299999713897705,3.190000057220459,14594500
2025-09-12,3.7300000190734863,4.289999961853027,3.630000114440918,3.6500000953674316,9969700
2025-09-15,3.9200000762939453,4.039999961853027,3.609999895095825,3.799999952316284,4685300
2025-09-16,3.7300000190734863,4.019999980926514,3.700000047683716,4.010000228881836,3592000
2025-09-17,4.099999904632568,4.190000057220459,3.759999990463257,3.799999952316284,7897400
2025-09-18,4.179999828338623,4.300000190734863,4.019999980926514,4.21999979019165,5872900
2025-09-19,5.349999904632568,5.400000095367432,4.256999969482422,4.26200008392334,16265100
2025-09-22,5.699999809265137,6.159999847412109,5.409999847412109,5.775000095367432,13399500
2025-09-23,5.909999847412109,6.425000190734863,5.829999923706055,6.039999961853027,11560200
2025-09-24,5.559999942779541,6.119999885559082,5.460000038146973,6.019999980926514,7764800
2025-09-25,5.579999923706055,6.179999828338623,5.170000076293945,5.224999904632568,8168300
2025-09-26,5.079999923706055,5.690000057220459,5.019999980926514,5.579999923706055,6038800
2025-09-29,4.78000020980835,5.190000057220459,4.75,5.079999923706055,5461300
2025-09-30,4.820000171661377,4.869999885559082,4.559999942779541,4.659999847412109,4135000
2025-10-01,4.829999923706055,4.965000152587891,4.659999847412109,4.760000228881836,4422300
2025-10-02,5.289999961853027,5.375,4.909999847412109,5.090000152587891,6847500
2025-10-03,5.590000152587891,6.090000152587891,5.360000133514404,5.579999923706055,11710300
2025-10-06,5.53000020980835,5.699999809265137,5.21999979019165,5.659999847412109,7026400
2025-10-07,5.25,5.829999923706055,5.190000057220459,5.639999866485596,6758900
2025-10-08,5.03000020980835,5.303999900817871,4.809999942779541,5.230000019073486,7806700
2025-10-09,5.25,5.269999980926514,4.874000072479248,5.0,4171000
2025-10-10,4.769999980926514,5.579999923706055,4.75,5.300000190734863,7250400
2025-10-13,5.230000019073486,5.255000114440918,4.869999885559082,4.920000076293945,4528900
2025-10-14,5.460000038146973,5.690000057220459,4.764999866485596,5.059999942779541,13741300
2025-10-15,8.390000343322754,9.420000076293945,7.46999979019165,7.925000190734863,46725000
2025-10-16,6.5,7.309999942779541,6.425000190734863,6.949999809265137,26753800
2025-10-17,6.25,6.550000190734863,6.039999961853027,6.400000095367432,7826300
2025-10-20,6.099999904632568,6.800000190734863,6.079999923706055,6.53000020980835,8392900
2025-10-21,5.96999979019165,6.21999979019165,5.760000228881836,6.099999904632568,5659600
2025-10-22,5.599999904632568,5.849999904632568,5.420000076293945,5.840000152587891,6141600
2025-10-23,6.139999866485596,6.46999979019165,5.699999809265137,5.760000228881836,8511100
2025-10-24,7.179999828338623,7.199999809265137,6.204999923706055,6.300000190734863,12349500
2025-10-27,7.300000190734863,7.769999980926514,7.15500020980835,7.454999923706055,8544100
2025-10-28,6.670000076293945,7.53000020980835,6.65500020980835,7.53000020980835,7366200
2025-10-29,6.369999885559082,6.789999961853027,6.320000171661377,6.75,5289800
2025-10-30,6.014999866485596,6.329999923706055,5.900000095367432,6.289999961853027,5321500
2025-10-31,6.260000228881836,6.328000068664551,5.925000190734863,6.269999980926514,5232000
2025-11-03,6.71999979019165,6.71999979019165,6.119999885559082,6.389999866485596,6525800
2025-11-04,6.170000076293945,6.489999771118164,5.945000171661377,6.300000190734863,9086400
2025-11-05,6.690000057220459,6.739999771118164,5.989999771118164,6.260000228881836,5598500
2025-11-06,6.389999866485596,6.900000095367432,6.255000114440918,6.900000095367432,8162200
2025-11-07,5.710000038146973,5.949999809265137,5.144999980926514,5.78000020980835,7627900
2025-11-10,5.369999885559082,5.889999866485596,5.164999961853027,5.869999885559082,6215700
2025-11-11,5.230000019073486,5.340000152587891,5.079999923706055,5.28000020980835,3354500
2025-11-12,5.059999942779541,5.46999979019165,4.980000019073486,5.320000171661377,4067400
2025-11-13,4.269999980926514,5.039999961853027,4.179999828338623,4.989999771118164,12229700
2025-11-14,4.300000190734863,4.440000057220459,3.940000057220459,3.940000057220459,5895300
2025-11-17,4.340000152587891,4.505000114440918,4.139999866485596,4.21999979019165,4096200
2025-11-18,4.260000228881836,4.349999904632568,4.105000019073486,4.239999771118164,2963800
2025-11-19,4.019999980926514,4.309999942779541,3.924999952316284,4.28000020980835,5048400
2025-11-20,3.859999895095825,4.5,3.8299999237060547,4.25,4147000
2025-11-21,3.9600000381469727,3.990000009536743,3.5899999141693115,3.859999895095825,4213000
2025-11-24,4.090000152587891,4.119999885559082,3.880000114440918,3.9800000190734863,2403800
2025-11-25,4.21999979019165,4.21999979019165,3.950000047683716,4.130000114440918,2432900
2025-11-26,4.300000190734863,4.340000152587891,4.109000205993652,4.28000020980835,2478200
2025-11-28,4.360000133514404,4.5,4.28000020980835,4.340000152587891,2079900
2025-12-01,4.300000190734863,4.465000152587891,4.159999847412109,4.300000190734863,2893600
2025-12-02,5.039999961853027,5.090000152587891,4.349999904632568,4.369999885559082,6755400
2025-12-03,5.460000038146973,5.505000114440918,4.920000076293945,5.03000020980835,5061200
2025-12-04,5.489999771118164,5.519999980926514,5.320000171661377,5.400000095367432,4297800
2025-12-05,5.210000038146973,5.480000019073486,5.179999828338623,5.480000019073486,3101200
2025-12-08,5.539999961853027,5.619999885559082,5.210000038146973,5.21999979019165,3351600
2025-12-09,5.650000095367432,5.715000152587891,5.389999866485596,5.46999979019165,2830300
2025-12-10,5.849999904632568,6.0,5.539999961853027,5.679999828338623,3067100
2025-12-11,6.050000190734863,6.099999904632568,5.71999979019165,5.800000190734863,3105000
2025-12-12,5.690000057220459,6.130000114440918,5.619999885559082,6.039999961853027,3180600
2025-12-15,5.190000057220459,5.710000038146973,5.179999828338623,5.699999809265137,3855100
2025-12-16,5.260000228881836,5.320000171661377,5.034999847412109,5.079999923706055,2466100
2025-12-17,4.860000133514404,5.440000057220459,4.840000152587891,5.340000152587891,3386400
2025-12-18,4.929999828338623,5.239999771118164,4.840000152587891,5.03000020980835,2955900
2025-12-19,5.010000228881836,5.125,4.929999828338623,5.0,4790900
2025-12-22,5.099999904632568,5.369999885559082,5.03000020980835,5.110000133514404,2491800
2025-12-23,5.079999923706055,5.2230000495910645,4.929999828338623,5.0,2167800
2025-12-24,5.130000114440918,5.170000076293945,5.019999980926514,5.059999942779541,839300
2025-12-26,5.03000020980835,5.130000114440918,4.889999866485596,5.130000114440918,1673600
2025-12-29,4.769999980926514,5.058000087738037,4.739999771118164,4.920000076293945,2277100
2025-12-30,4.610000133514404,4.920000076293945,4.590000152587891,4.789999961853027,2033200
2025-12-31,4.650000095367432,4.800000190734863,4.559999942779541,4.559999942779541,2880000
2026-01-02,4.789999961853027,4.849999904632568,4.630000114440918,4.820000171661377,2028200
2026-01-05,5.099999904632568,5.239999771118164,4.840000152587891,4.900000095367432,3256200
2026-01-06,4.940000057220459,5.150000095367432,4.800000190734863,5.090000152587891,2542600
2026-01-07,4.809999942779541,4.980000019073486,4.78000020980835,4.980000019073486,1484800
2026-01-08,4.800000190734863,4.929999828338623,4.75,4.809999942779541,1627300
2026-01-09,4.690000057220459,4.860000133514404,4.670000076293945,4.849999904632568,1678200
2026-01-12,4.679999828338623,4.715000152587891,4.460000038146973,4.690000057220459,2263300
2026-01-13,4.639999866485596,4.769999980926514,4.564000129699707,4.699999809265137,1397500
2026-01-14,4.579999923706055,4.644999980926514,4.400000095367432,4.630000114440918,1809900
2026-01-15,4.369999885559082,4.650000095367432,4.360000133514404,4.590000152587891,2288400
2026-01-16,4.449999809265137,4.510000228881836,4.369999885559082,4.369999885559082,2063700
2026-01-20,4.099999904632568,4.260000228881836,4.03000020980835,4.239999771118164,2731400
2026-01-21,4.010000228881836,4.21999979019165,3.799999952316284,4.150000095367432,4213200
2026-01-22,4.130000114440918,4.249000072479248,4.070000171661377,4.090000152587891,1816000
2026-01-23,4.070000171661377,4.175000190734863,4.019999980926514,4.139999866485596,1460000
2026-01-26,3.8299999237060547,4.041999816894531,3.802000045776367,4.019999980926514,2208200
2026-01-27,3.869999885559082,3.9149999618530273,3.7230000495910645,3.859999895095825,1965800
2026-01-28,3.8299999237060547,3.9100000858306885,3.700000047683716,3.880000114440918,2194800
2026-01-29,3.5199999809265137,3.7899999618530273,3.4549999237060547,3.7799999713897705,3218000
2026-01-30,3.569999933242798,3.7300000190734863,3.509999990463257,3.509999990463257,2284100
2026-02-02,3.6700000762939453,4.070000171661377,3.5799999237060547,3.609999895095825,5106900
2026-02-03,3.7300000190734863,3.8499999046325684,3.505000114440918,3.7300000190734863,3921100
2026-02-04,3.309999942779541,3.6500000953674316,3.2100000381469727,3.6500000953674316,4586000
2026-02-05,2.990000009536743,3.255000114440918,2.9700000286102295,3.180000066757202,2644300
2026-02-06,3.3499999046325684,3.369999885559082,3.0899999141693115,3.0999999046325684,2722500
2026-02-09,3.390000104904175,3.4800000190734863,3.2300000190734863,3.359999895095825,1792300
2026-02-10,3.3299999237060547,3.450000047683716,3.319999933242798,3.4100000858306885,1332600
2026-02-11,3.259999990463257,3.369999885559082,3.1500000953674316,3.3399999141693115,957900
2026-02-12,3.119999885559082,3.259999990463257,2.930000066757202,3.2300000190734863,2419200
2026-02-13,3.190000057220459,3.2950000762939453,3.059999942779541,3.130000114440918,1130200
2026-02-17,3.0299999713897705,3.1700000762939453,2.990000009536743,3.130000114440918,1561800
2026-02-18,3.0799999237060547,3.1600000858306885,2.950000047683716,3.0299999713897705,1123900
2026-02-19,3.0,3.0399999618530273,2.930000066757202,3.0199999809265137,1665400
2026-02-20,2.8299999237060547,3.0299999713897705,2.819999933242798,2.950000047683716,1773900
2026-02-23,2.7699999809265137,2.8399999141693115,2.75,2.7899999618530273,1329200
2026-02-24,2.819999933242798,2.869999885559082,2.7309999465942383,2.759999990463257,1134200
2026-02-25,2.9600000381469727,3.0199999809265137,2.869999885559082,2.890000104904175,1529600
2026-02-26,2.990000009536743,3.0199999809265137,2.8499999046325684,2.990000009536743,1211600
2026-02-27,2.819999933242798,2.8350000381469727,2.760999917984009,2.8299999237060547,1827700
2026-03-02,2.9100000858306885,2.940000057220459,2.6500000953674316,2.690000057220459,1376500
2026-03-03,2.8399999141693115,2.8949999809265137,2.7200000286102295,2.7899999618530273,1404900
2026-03-04,2.930000066757202,3.068000078201294,2.890000104904175,2.9000000953674316,1975100
2026-03-05,3.0399999618530273,3.0959999561309814,2.890000104904175,2.9200000762939453,2243900
2026-03-06,2.9800000190734863,3.140000104904175,2.950000047683716,3.009999990463257,1829400
2026-03-09,3.0999999046325684,3.109999895095825,2.865000009536743,2.950000047683716,1847800
2026-03-10,3.140000104904175,3.296999931335449,3.059999942779541,3.0999999046325684,3847800
2026-03-11,3.069999933242798,3.3359999656677246,2.9800000190734863,3.1600000858306885,2984000
2026-03-12,2.9000000953674316,3.059999942779541,2.859999895095825,2.990000009536743,2047500
2026-03-13,2.859999895095825,3.0399999618530273,2.7850000858306885,2.9100000858306885,1825400
2026-03-16,2.799999952316284,3.0,2.7799999713897705,2.9000000953674316,1551800
2026-03-17,2.859999895095825,2.869999885559082,2.7899999618530273,2.819999933242798,1361600
2026-03-18,2.75,2.880000114440918,2.7300000190734863,2.8399999141693115,1550000
2026-03-19,2.7300000190734863,2.799999952316284,2.6500000953674316,2.700000047683716,1544400
2026-03-20,2.7100000381469727,2.740000009536743,2.640000104904175,2.700000047683716,1560400
2026-03-23,2.7899999618530273,2.819999933242798,2.7100000381469727,2.7699999809265137,1515400
2026-03-24,2.609999895095825,2.7850000858306885,2.5850000381469727,2.759999990463257,1496500
2026-03-25,2.690000057220459,2.7799999713897705,2.630000114440918,2.690000057220459,1700200
2026-03-26,2.609999895095825,2.8589999675750732,2.5950000286102295,2.690000057220459,6964000
2026-03-27,1.840000033378601,2.4800000190734863,1.7999999523162842,2.440000057220459,11675700
2026-03-30,1.7000000476837158,1.8799999952316284,1.6299999952316284,1.8450000286102295,6292600
2026-03-31,1.9700000286102295,2.0199999809265137,1.7100000381469727,1.7200000286102295,3703900
2026-04-01,1.7899999618530273,2.0399999618530273,1.7699999809265137,2.009999990463257,4606600
2026-04-02,1.8300000429153442,1.8300000429153442,1.7100000381469727,1.7100000381469727,1629300
2026-04-06,1.9500000476837158,1.9500000476837158,1.8350000381469727,1.850000023841858,2193100
2026-04-07,1.850000023841858,1.940000057220459,1.850000023841858,1.899999976158142,1970000
2026-04-08,1.9600000381469727,2.1600000858306885,1.9299999475479126,2.009999990463257,2568600
2026-04-09,1.8899999856948853,1.9600000381469727,1.8350000381469727,1.9500000476837158,2109600
2026-04-10,1.8799999952316284,1.9500000476837158,1.8600000143051147,1.909999966621399,1476300
2026-04-13,2.0299999713897705,2.0399999618530273,1.8200000524520874,1.850000023841858,1731500
2026-04-14,2.2799999713897705,2.319999933242798,2.0829999446868896,2.0899999141693115,3154100
2026-04-15,2.0899999141693115,2.309999942779541,2.075000047683716,2.2799999713897705,5519500
2026-04-16,2.109999895095825,2.180000066757202,2.049999952316284,2.1500000953674316,3324800
2026-04-17,2.1500000953674316,2.2699999809265137,2.115000009536743,2.1500000953674316,3814300
2026-04-20,2.2899999618530273,2.299999952316284,2.1050000190734863,2.109999895095825,2499600
2026-04-21,2.359999895095825,2.5199999809265137,2.319999933242798,2.319999933242798,3526400
2026-04-22,2.390000104904175,2.5299999713897705,2.319999933242798,2.440000057220459,2736000
2026-04-23,2.180000066757202,2.3399999141693115,2.1530001163482666,2.3299999237060547,2118000
2026-04-24,2.2300000190734863,2.25,2.1050000190734863,2.240000009536743,2212500
2026-04-27,2.180000066757202,2.2799999713897705,2.1410000324249268,2.2300000190734863,1525300
2026-04-28,2.1700000762939453,2.180000066757202,2.049999952316284,2.1500000953674316,1927200
2026-04-29,2.0399999618530273,2.140000104904175,2.0299999713897705,2.140000104904175,1380600
2026-04-30,2.049999952316284,2.0999999046325684,2.0199999809265137,2.069999933242798,1606700
2026-05-01,2.1700000762939453,2.190000057220459,2.063999891281128,2.0799999237060547,2353200
2026-05-04,2.2200000286102295,2.380000114440918,2.1549999713897705,2.1700000762939453,2644800
2026-05-05,2.180000066757202,2.2799999713897705,2.130000114440918,2.25,2492700
2026-05-06,2.1600000858306885,2.200000047683716,2.065000057220459,2.200000047683716,2258300
2026-05-07,2.0799999237060547,2.130000114440918,2.0299999713897705,2.130000114440918,2490400
2026-05-08,2.130000114440918,2.1449999809265137,1.9900000095367432,2.0999999046325684,2605500
2026-05-11,2.2300000190734863,2.2699999809265137,2.0899999141693115,2.140000104904175,3355500
2026-05-12,1.9700000286102295,2.069999933242798,1.8849999904632568,1.9900000095367432,5354100
2026-05-13,2.015000104904175,2.0510001182556152,1.9199999570846558,1.9600000381469727,2757700
2026-05-14,2.069999933242798,2.1549999713897705,1.9600000381469727,2.0,2952200
2026-05-15,2.069999933242798,2.0999999046325684,1.9700000286102295,2.0199999809265137,2595600
2026-05-18,2.0,2.0460000038146973,1.9299999475479126,2.0299999713897705,3201200
2026-05-19,1.9299999475479126,2.059999942779541,1.9299999475479126,1.9900000095367432,1986300
2026-05-20,1.9600000381469727,1.9800000190734863,1.9119999408721924,1.9500000476837158,1792700
2026-05-21,2.2799999713897705,2.315000057220459,1.9429999589920044,1.9500000476837158,4930200
2026-05-22,2.140000104904175,2.325000047683716,2.140000104904175,2.25,3453700
2026-05-26,2.0899999141693115,2.259999990463257,2.069999933242798,2.1600000858306885,3800900
2026-05-27,2.0,2.0999999046325684,2.0,2.069999933242798,2279400
2026-05-28,2.0999999046325684,2.140000104904175,1.9900000095367432,2.0299999713897705,3474300
2026-05-29,2.119999885559082,2.1500000953674316,2.0399999618530273,2.0950000286102295,3019500
2026-06-01,2.0799999237060547,2.194999933242798,2.0,2.0799999237060547,4682200
2026-06-02,1.9900000095367432,2.0799999237060547,1.9800000190734863,2.069999933242798,3467500
2026-06-03,1.8200000524520874,1.9800000190734863,1.8200000524520874,1.9800000190734863,2803300
2026-06-04,1.8600000143051147,1.9600000381469727,1.8250000476837158,1.840000033378601,2066000
2026-06-05,1.7100000381469727,1.8700000047683716,1.6699999570846558,1.8700000047683716,3047900
2026-06-08,1.7000000476837158,1.7799999713897705,1.690000057220459,1.7799999713897705,1579900
2026-06-09,1.6100000143051147,1.7300000190734863,1.5800000429153442,1.6799999475479126,2354000
2026-06-10,1.590000033378601,1.7000000476837158,1.5700000524520874,1.590000033378601,2150900
2026-06-11,1.5700000524520874,1.6200000047683716,1.5549999475479126,1.590000033378601,2089300
2026-06-12,1.5299999713897705,1.6200000047683716,1.5299999713897705,1.5700000524520874,2272400
2026-06-15,1.5299999713897705,1.649999976158142,1.5299999713897705,1.590000033378601,2607900
2026-06-16,1.5,1.5800000429153442,1.4800000190734863,1.5399999618530273,1991700
2026-06-17,1.4500000476837158,1.5399999618530273,1.440000057220459,1.5099999904632568,1845000
2026-06-18,1.4299999475479126,1.4900000095367432,1.409999966621399,1.465000033378601,2373200
2026-06-22,1.3899999856948853,1.5190000534057617,1.3899999856948853,1.409999966621399,1991600
2026-06-23,1.4199999570846558,1.4700000286102295,1.340000033378601,1.340000033378601,1481700
2026-06-24,1.340000033378601,1.4299999475479126,1.3300000429153442,1.4199999570846558,2156600
2026-06-25,1.2799999713897705,1.3550000190734863,1.2799999713897705,1.3300000429153442,2368300
2026-06-26,1.3600000143051147,1.4249999523162842,1.2699999809265137,1.2799999713897705,14140300
2026-06-29,1.309999942779541,1.3799999952316284,1.284999966621399,1.3799999952316284,2173200
2026-06-30,1.3700000047683716,1.3849999904632568,1.309999942779541,1.3200000524520874,3133400
2026-07-01,1.440000057220459,1.5399999618530273,1.3600000143051147,1.3600000143051147,2957500
2026-07-02,1.309999942779541,1.4900000095367432,1.2899999618530273,1.4600000381469727,3179500
2026-07-06,1.3600000143051147,1.3899999856948853,1.3200000524520874,1.3200000524520874,1253200
2026-07-07,1.2549999952316284,1.3700000047683716,1.2200000286102295,1.3700000047683716,2443300
2026-07-08,1.1799999475479126,1.2599999904632568,1.159999966621399,1.2599999904632568,2120900
2026-07-09,1.2000000476837158,1.25,1.159999966621399,1.190000057220459,2740800
2026-07-10,1.1799999475479126,1.215000033378601,1.1399999856948853,1.2000000476837158,2525100
2026-07-13,1.100000023841858,1.190000057220459,1.0800000429153442,1.149999976158142,2667200
2026-07-14,1.0700000524520874,1.1299999952316284,1.059999942779541,1.1200000047683716,1629200
2026-07-15,1.0399999618530273,1.1100000143051147,1.0299999713897705,1.0700000524520874,1987100
2026-07-16,1.0299999713897705,1.0700000524520874,0.9900000095367432,1.0299999713897705,3345700
2026-07-17,1.0199999809265137,1.0390000343322754,0.9869999885559082,1.0199999809265137,1601000
2026-07-20,1.0499999523162842,1.0800000429153442,1.0,1.0199999809265137,1710800
2026-07-21,1.1200000047683716,1.1299999952316284,1.0499999523162842,1.0499999523162842,1799100
2026-07-22,1.1299999952316284,1.184999942779541,1.090000033378601,1.1200000047683716,2958900
2026-07-23,1.059999942779541,1.1349999904632568,1.0299999713897705,1.100000023841858,2780600
2026-07-24,1.0399999618530273,1.1089999675750732,1.0140000581741333,1.0700000524520874,2010100
2026-07-27,1.0800000429153442,1.100000023841858,1.0299999713897705,1.059999942779541,1427300
2026-07-28,1.0399999618530273,1.090000033378601,1.0199999809265137,1.0700000524520874,1259400
2026-07-29,0.9990000128746033,1.0499999523162842,0.9800000190734863,1.0399999618530273,3370600
2026-07-30,1.0499999523162842,1.0700000524520874,0.996999979019165,0.996999979019165,2246400
2026-07-31,1.090000033378601,1.090000033378601,1.0199999809265137,1.0700000524520874,2095500
2026-08-03,1.1100000143051147,1.149999976158142,1.090000033378601,1.1100000143051147,2562700
2026-08-04,1.2100000381469727,1.2300000190734863,1.1200000047683716,1.1399999856948853,2564500
2026-08-05,1.2000000476837158,1.2300000190734863,1.159999966621399,1.2300000190734863,1210600
2026-08-06,1.25,1.2699999809265137,1.149999976158142,1.1699999570846558,2114300
2026-08-07,1.309999942779541,1.340000033378601,1.2699999809265137,1.277999997138977,2346600
2026-08-10,1.440000057220459,1.5,1.3350000381469727,1.350000023841858,4160100
2026-08-11,1.4900000095367432,1.5,1.409999966621399,1.4700000286102295,2510700
2026-08-12,1.5199999809265137,1.5499999523162842,1.440000057220459,1.5,2897200
2026-08-13,1.4900000095367432,1.5750000476837158,1.4500000476837158,1.5499999523162842,5926300
2026-08-14,1.149999976158142,1.2890000343322754,1.100000023841858,1.1399999856948853,9193600
2026-08-17,1.0850000381469727,1.149999976158142,1.0549999475479126,1.149999976158142,2954400
2026-08-18,0.9950000047683716,1.0750000476837158,0.9520000219345093,1.0499999523162842,15002300
2026-08-19,0.9660000205039978,1.0099999904632568,0.9620000123977661,1.0,10770300
2026-08-20,0.8450000286102295,0.9639999866485596,0.8220000267028809,0.9629999995231628,9529300
2026-08-21,0.859000027179718,0.8849999904632568,0.8029999732971191,0.8600000143051147,6685100
2026-08-24,0.8560000061988831,0.9380000233650208,0.8299999833106995,0.8569999933242798,3999300
2026-08-25,0.8700000047683716,0.9259999990463257,0.8529999852180481,0.9229999780654907,2815700
2026-08-26,0.8009999990463257,0.8799999952316284,0.7879999876022339,0.875,5060600
2026-08-27,0.8199999928474426,0.8500000238418579,0.7960000038146973,0.8199999928474426,2615000
2026-08-31,0.7940000295639038,0.8199999928474426,0.7549999952316284,0.7979999780654907,2684800
2026-09-01,0.7850000262260437,0.8158000111579895,0.7599999904632568,0.7799999713897705,1718990
